nowcast_date,model,interval_score,sharpness,underprediction,overprediction,coverage_deviation,bias,aem,scale
2021-10-01,"Reference: Fixed, Report: Fixed",7.49,3.71,0.783,2.96,-0.0996,0.462,13.6,natural
2021-10-01,"Reference: Fixed, Report: Day of week",6.09,2.22,2.29,1.52,-0.0788,0.21,10.2,natural
2021-10-01,"Reference: Age, Report: Day of week",8.11,2.1,5.15,0.748,-0.0942,-0.0643,14,natural
2021-10-01,"Reference: Age and week, Report: Day of week",8.07,2.13,5.06,0.775,-0.0942,-0.0384,13.7,natural
2021-10-01,"Reference: Age and week by age, Report: Day of week",15.3,2.06,12.9,0.177,-0.157,-0.379,22.7,natural
2021-10-01,"Independent by age, Reference: Week, Report: Day of week",6.12,2.34,3.02,0.675,0.00234,-0.0562,10.6,natural
2021-10-02,"Reference: Fixed, Report: Fixed",7.82,3.67,0.57,3.56,-0.101,0.555,14.2,natural
2021-10-02,"Reference: Fixed, Report: Day of week",7.02,2.38,1.61,2.99,-0.135,0.42,12.8,natural
2021-10-02,"Reference: Age, Report: Day of week",7.27,2.52,2.69,1.97,-0.0945,0.266,12.9,natural
2021-10-02,"Reference: Age and week, Report: Day of week",7.27,2.53,2.76,1.88,-0.1,0.234,13,natural
2021-10-02,"Reference: Age and week by age, Report: Day of week",9.53,2.61,6.49,0.335,-0.045,-0.134,14.6,natural
2021-10-02,"Independent by age, Reference: Week, Report: Day of week",5.7,2.63,1.39,1.61,0.0339,0.178,10.8,natural
2021-10-03,"Reference: Fixed, Report: Fixed",6.53,2.82,2.49,1.12,-0.0165,0.201,10.5,natural
2021-10-03,"Reference: Fixed, Report: Day of week",9.78,2.56,2.07,5.09,-0.209,0.437,17.6,natural
2021-10-03,"Reference: Age, Report: Day of week",9,2.82,3.04,3.07,-0.14,0.3,16.2,natural
2021-10-03,"Reference: Age and week, Report: Day of week",9.26,2.86,3.3,3.03,-0.14,0.279,16.2,natural
2021-10-03,"Reference: Age and week by age, Report: Day of week",10.8,2.69,6.1,1.96,-0.14,0.0679,17.7,natural
2021-10-03,"Independent by age, Reference: Week, Report: Day of week",7.94,2.82,1.93,3.11,-0.0715,0.212,15.4,natural
2021-10-04,"Reference: Fixed, Report: Fixed",10.9,2.21,7.95,0.562,-0.156,-0.224,17.8,natural
2021-10-04,"Reference: Fixed, Report: Day of week",12.6,2.8,2.82,6.95,-0.261,0.405,21.2,natural
2021-10-04,"Reference: Age, Report: Day of week",11.4,2.76,3.73,4.82,-0.204,0.28,19.1,natural
2021-10-04,"Reference: Age and week, Report: Day of week",11.4,2.81,3.73,4.84,-0.204,0.289,19.2,natural
2021-10-04,"Reference: Age and week by age, Report: Day of week",12.9,3.09,5.11,4.61,-0.183,0.192,21.1,natural
2021-10-04,"Independent by age, Reference: Week, Report: Day of week",10,2.92,3.31,3.72,-0.118,0.0813,17.6,natural
2021-10-05,"Reference: Fixed, Report: Fixed",8.09,3.02,2.24,2.73,-0.0558,0.212,14.5,natural
2021-10-05,"Reference: Fixed, Report: Day of week",10.9,2.53,1.39,6.93,-0.185,0.394,17.9,natural
2021-10-05,"Reference: Age, Report: Day of week",10.5,2.56,1.61,6.26,-0.169,0.373,17.2,natural
2021-10-05,"Reference: Age and week, Report: Day of week",10.8,2.54,1.82,6.33,-0.184,0.349,17.5,natural
2021-10-05,"Reference: Age and week by age, Report: Day of week",10.4,2.81,1.44,6.07,-0.154,0.355,17,natural
2021-10-05,"Independent by age, Reference: Week, Report: Day of week",9.14,2.75,0.886,5.46,-0.0583,0.21,15.3,natural
2021-10-06,"Reference: Fixed, Report: Fixed",9.65,3.53,0.785,5.3,-0.126,0.465,15.9,natural
2021-10-06,"Reference: Fixed, Report: Day of week",9.06,2.4,1.23,5.39,-0.225,0.499,15,natural
2021-10-06,"Reference: Age, Report: Day of week",7.14,2.35,1.94,2.79,-0.132,0.333,13.3,natural
2021-10-06,"Reference: Age and week, Report: Day of week",7.21,2.38,2.04,2.72,-0.136,0.326,13.5,natural
2021-10-06,"Reference: Age and week by age, Report: Day of week",6.92,2.71,2.4,1.72,-0.0519,0.279,13.4,natural
2021-10-06,"Independent by age, Reference: Week, Report: Day of week",6.67,2.61,0.725,3.26,-0.0226,0.312,12.6,natural
2021-10-07,"Reference: Fixed, Report: Fixed",9.18,3.7,0.412,5.05,-0.167,0.602,15.8,natural
2021-10-07,"Reference: Fixed, Report: Day of week",7.15,2.4,0.795,3.92,-0.215,0.567,12.1,natural
2021-10-07,"Reference: Age, Report: Day of week",5.72,2.28,2.33,1.01,-0.0853,0.24,10.7,natural
2021-10-07,"Reference: Age and week, Report: Day of week",5.6,2.3,2.18,1.04,-0.0794,0.264,10.5,natural
2021-10-07,"Reference: Age and week by age, Report: Day of week",24.2,1.23,17.1,5.56,-0.426,-0.0964,25.7,natural
2021-10-07,"Independent by age, Reference: Week, Report: Day of week",5.14,2.55,0.716,1.81,0.00356,0.301,9.3,natural
2021-10-08,"Reference: Fixed, Report: Fixed",9.09,3.85,0.118,5.12,-0.201,0.682,16.7,natural
2021-10-08,"Reference: Fixed, Report: Day of week",6.07,2.36,0.562,3.12,-0.179,0.55,10.4,natural
2021-10-08,"Reference: Age, Report: Day of week",5.24,2.32,1.54,1.3,-0.0917,0.329,10.3,natural
2021-10-08,"Reference: Age and week, Report: Day of week",5.32,2.36,1.65,1.23,-0.0701,0.293,10.7,natural
2021-10-08,"Reference: Age and week by age, Report: Day of week",8.56,2.19,6.03,0.175,-0.0455,-0.191,15.3,natural
2021-10-08,"Independent by age, Reference: Week, Report: Day of week",4.65,2.63,0.439,1.55,0.0174,0.379,8.11,natural
2021-10-09,"Reference: Fixed, Report: Fixed",8.4,3.79,0.145,4.45,-0.167,0.671,15.3,natural
2021-10-09,"Reference: Fixed, Report: Day of week",6.95,2.52,0.529,3.87,-0.211,0.553,12.7,natural
2021-10-09,"Reference: Age, Report: Day of week",6.75,2.76,1.81,2.08,-0.0878,0.246,11.2,natural
2021-10-09,"Reference: Age and week, Report: Day of week",6.82,2.77,1.85,2.1,-0.0726,0.217,11.2,natural
2021-10-09,"Reference: Age and week by age, Report: Day of week",7.88,2.36,5.04,0.371,-0.0421,-0.143,13.8,natural
2021-10-09,"Independent by age, Reference: Week, Report: Day of week",5.66,2.99,0.191,2.46,-0.0123,0.474,10.4,natural
2021-10-10,"Reference: Fixed, Report: Fixed",5.39,3.02,1.19,1.1,-0.0252,0.219,9.92,natural
2021-10-10,"Reference: Fixed, Report: Day of week",8.18,2.8,0.745,4.61,-0.187,0.573,15.9,natural
2021-10-10,"Reference: Age, Report: Day of week",12.9,2.19,9.03,1.56,-0.223,-0.117,20.2,natural
2021-10-10,"Reference: Age and week, Report: Day of week",12,2.31,8.1,1.47,-0.21,-0.112,19.6,natural
2021-10-10,"Reference: Age and week by age, Report: Day of week",11.5,2.35,8.85,0.187,-0.102,-0.312,16.9,natural
2021-10-10,"Independent by age, Reference: Week, Report: Day of week",6.4,3.38,0.596,2.38,0.0194,0.297,13,natural
2021-10-11,"Reference: Fixed, Report: Fixed",10.8,2.25,8.08,0.395,-0.172,-0.163,18.9,natural
2021-10-11,"Reference: Fixed, Report: Day of week",9.4,2.95,1.43,4.96,-0.201,0.496,17.6,natural
2021-10-11,"Reference: Age, Report: Day of week",7.98,3.02,3.42,1.46,-0.0786,0.092,13.3,natural
2021-10-11,"Reference: Age and week, Report: Day of week",8.17,2.96,4.33,0.782,-0.0514,-0.0384,14.3,natural
2021-10-11,"Reference: Age and week by age, Report: Day of week",16.6,2.89,13.1,0.47,-0.187,-0.423,26.6,natural
2021-10-11,"Independent by age, Reference: Week, Report: Day of week",7.33,3.2,2.41,1.64,0.0141,0.107,13.1,natural
2021-10-12,"Reference: Fixed, Report: Fixed",7.71,3.08,3,1.52,-0.0752,-0.0312,13.6,natural
2021-10-12,"Reference: Fixed, Report: Day of week",8.34,2.49,1.64,4.15,-0.119,0.299,14.4,natural
2021-10-12,"Reference: Age, Report: Day of week",8.19,2.34,3.9,1.84,-0.0947,-0.0107,14.5,natural
2021-10-12,"Reference: Age and week, Report: Day of week",8.42,2.34,4.36,1.59,-0.0942,-0.0286,14.7,natural
2021-10-12,"Reference: Age and week by age, Report: Day of week",10.5,2.78,6.57,1.01,-0.117,-0.241,18,natural
2021-10-12,"Independent by age, Reference: Week, Report: Day of week",6.94,2.58,2.39,1.85,-0.00978,-0.0455,13.2,natural
2021-10-13,"Reference: Fixed, Report: Fixed",9.48,4.02,0.561,4.85,-0.101,0.387,16.7,natural
2021-10-13,"Reference: Fixed, Report: Day of week",7.93,2.53,0.946,4.4,-0.15,0.404,13.1,natural
2021-10-13,"Reference: Age, Report: Day of week",7.77,2.54,1.75,3.43,-0.149,0.273,13,natural
2021-10-13,"Reference: Age and week, Report: Day of week",7.88,2.53,1.91,3.39,-0.159,0.264,13.5,natural
2021-10-13,"Reference: Age and week by age, Report: Day of week",7.3,3.06,1.36,2.8,-0.0715,0.221,13.8,natural
2021-10-13,"Independent by age, Reference: Week, Report: Day of week",7.01,2.81,0.679,3.48,-0.00552,0.211,11.8,natural
2021-10-14,"Reference: Fixed, Report: Fixed",8.91,4.23,0.137,4.53,-0.0881,0.529,16.1,natural
2021-10-14,"Reference: Fixed, Report: Day of week",6.09,2.6,0.357,3.1,-0.117,0.442,11.8,natural
2021-10-14,"Reference: Age, Report: Day of week",4.75,2.64,1.59,0.421,0.0388,0.0143,8.22,natural
2021-10-14,"Reference: Age and week, Report: Day of week",4.75,2.55,1.69,0.406,0.0329,-0.0232,8.45,natural
2021-10-14,"Reference: Age and week by age, Report: Day of week",13.5,2.31,10.8,0.192,-0.171,-0.338,20.6,natural
2021-10-14,"Independent by age, Reference: Week, Report: Day of week",4.4,2.7,0.202,1.47,0.104,0.192,7.6,natural
2021-10-15,"Reference: Fixed, Report: Fixed",9.91,4.45,0.092,5.36,-0.102,0.623,18.9,natural
2021-10-15,"Reference: Fixed, Report: Day of week",6.25,2.58,0.58,3.06,-0.119,0.55,11.2,natural
2021-10-15,"Reference: Age, Report: Day of week",4.9,2.69,1.3,0.859,0.028,0.275,9.05,natural
2021-10-15,"Reference: Age and week, Report: Day of week",4.97,2.69,1.25,0.97,0.032,0.273,9.31,natural
2021-10-15,"Reference: Age and week by age, Report: Day of week",9.96,2.47,7.12,0.149,-0.0703,-0.323,18,natural
2021-10-15,"Independent by age, Reference: Week, Report: Day of week",4.55,2.76,0.283,1.48,0.0689,0.231,8.34,natural
2021-10-16,"Reference: Fixed, Report: Fixed",8.17,4.17,0.284,3.69,-0.11,0.564,14.2,natural
2021-10-16,"Reference: Fixed, Report: Day of week",5.76,2.53,0.955,2.24,-0.128,0.439,9.8,natural
2021-10-16,"Reference: Age, Report: Day of week",5.81,2.52,1.59,1.63,-0.072,0.319,10.5,natural
2021-10-16,"Reference: Age and week, Report: Day of week",5.84,2.57,1.54,1.67,-0.072,0.321,10.4,natural
2021-10-16,"Reference: Age and week by age, Report: Day of week",9.77,2.72,6.52,0.273,-0.0683,-0.193,18.9,natural
2021-10-16,"Independent by age, Reference: Week, Report: Day of week",4.61,2.74,0.518,1.3,0.0514,0.164,8.54,natural
2021-10-17,"Reference: Fixed, Report: Fixed",6.46,3.32,1.91,1.13,-0.042,0.185,12,natural
2021-10-17,"Reference: Fixed, Report: Day of week",8.68,3.05,1.03,4.57,-0.163,0.49,16.3,natural
2021-10-17,"Reference: Age, Report: Day of week",14.5,2.36,10.7,1.36,-0.246,-0.225,22.2,natural
2021-10-17,"Reference: Age and week, Report: Day of week",14.4,2.4,10.5,1.44,-0.244,-0.215,21.9,natural
2021-10-17,"Reference: Age and week by age, Report: Day of week",17.7,2.57,14.7,0.312,-0.192,-0.316,25.3,natural
2021-10-17,"Independent by age, Reference: Week, Report: Day of week",7,3.48,0.592,2.87,0.0214,0.15,13.9,natural
2021-10-18,"Reference: Fixed, Report: Fixed",11.4,2.63,8.21,0.371,-0.116,-0.188,19.1,natural
2021-10-18,"Reference: Fixed, Report: Day of week",16.7,3.68,1.46,11.5,-0.214,0.495,27.9,natural
2021-10-18,"Reference: Age, Report: Day of week",15,2.89,11,1,-0.177,-0.183,24.9,natural
2021-10-18,"Reference: Age and week, Report: Day of week",13.6,3.36,8.94,1.04,-0.12,-0.138,24.3,natural
2021-10-18,"Reference: Age and week by age, Report: Day of week",17.8,3.13,13.5,1.13,-0.162,-0.315,26.9,natural
2021-10-18,"Independent by age, Reference: Week, Report: Day of week",13.7,4.02,1.47,8.15,-0.0931,0.191,25,natural
2021-10-19,"Reference: Fixed, Report: Fixed",8.42,3.85,2.44,2.02,-0.00275,0.0188,14.2,natural
2021-10-19,"Reference: Fixed, Report: Day of week",11.4,3.13,1.38,6.82,-0.109,0.319,18,natural
2021-10-19,"Reference: Age, Report: Day of week",9.91,3.07,2.09,4.66,-0.0735,0.233,17.4,natural
2021-10-19,"Reference: Age and week, Report: Day of week",9.89,3.05,2.52,4.24,-0.0705,0.177,18.2,natural
2021-10-19,"Reference: Age and week by age, Report: Day of week",14.1,2.78,10.9,0.226,-0.116,-0.352,23.3,natural
2021-10-19,"Independent by age, Reference: Week, Report: Day of week",8.94,3.22,1.39,4.25,-0.00472,0.0696,16,natural
2021-10-20,"Reference: Fixed, Report: Fixed",9.79,4.93,1.32,3.46,-0.00355,0.164,16.7,natural
2021-10-20,"Reference: Fixed, Report: Day of week",9.24,3.1,2.57,3.43,-0.0925,0.213,17.5,natural
2021-10-20,"Reference: Age, Report: Day of week",10.2,2.94,6.36,0.715,-0.061,-0.171,18.2,natural
2021-10-20,"Reference: Age and week, Report: Day of week",11.2,3.04,7.47,0.518,-0.0828,-0.218,19.9,natural
2021-10-20,"Reference: Age and week by age, Report: Day of week",27.1,2.12,24.7,0.0476,-0.354,-0.662,36.2,natural
2021-10-20,"Independent by age, Reference: Week, Report: Day of week",8.47,3.19,3.67,1.41,-0.0241,-0.0795,16.5,natural
2021-10-21,"Reference: Fixed, Report: Fixed",8.76,5.19,1.43,2.05,0.0138,0.2,14,natural
2021-10-21,"Reference: Fixed, Report: Day of week",7.95,3.15,3.41,1.24,-0.0494,0.121,16,natural
2021-10-21,"Reference: Age, Report: Day of week",26.2,2.17,23.9,0.0218,-0.314,-0.709,38.1,natural
2021-10-21,"Reference: Age and week, Report: Day of week",26.5,2.19,24.3,0.0198,-0.306,-0.711,39.3,natural
2021-10-21,"Reference: Age and week by age, Report: Day of week",36.1,1.77,34.1,0.0218,-0.406,-0.746,44,natural
2021-10-21,"Independent by age, Reference: Week, Report: Day of week",8.31,3.23,4.46,0.318,-0.00348,-0.28,16.6,natural
2021-10-22,"Reference: Fixed, Report: Fixed",8.08,5.71,0.439,1.89,0.0808,0.284,11.1,natural
2021-10-22,"Reference: Fixed, Report: Day of week",6.68,3.21,2.48,0.831,0.0146,0.0446,13.5,natural
2021-10-22,"Reference: Age, Report: Day of week",8.05,3.31,4.04,0.433,0.0153,-0.115,16.1,natural
2021-10-22,"Reference: Age and week, Report: Day of week",7.94,3.4,3.85,0.437,0.0251,-0.134,15.8,natural
2021-10-22,"Reference: Age and week by age, Report: Day of week",20.1,3.2,16.5,0.0496,-0.184,-0.553,33.2,natural
2021-10-22,"Independent by age, Reference: Week, Report: Day of week",6.81,3.36,2.94,0.286,0.0668,-0.246,14.1,natural
2021-10-23,"Reference: Fixed, Report: Fixed",8,5.7,0.623,1.62,0.0808,0.282,11,natural
2021-10-23,"Reference: Fixed, Report: Day of week",6.8,3.34,2.36,0.984,0.0343,-0.0125,12.6,natural
2021-10-23,"Reference: Age, Report: Day of week",7.88,3.43,3.56,0.712,0.00511,-0.116,15.9,natural
2021-10-23,"Reference: Age and week, Report: Day of week",7.56,3.48,3.19,0.745,0.0248,-0.0857,14.5,natural
2021-10-23,"Reference: Age and week by age, Report: Day of week",19.8,3.26,16.1,0.0933,-0.215,-0.6,33.5,natural
2021-10-23,"Independent by age, Reference: Week, Report: Day of week",6.67,3.69,2.32,0.505,-0.0655,-0.219,13.8,natural
2021-10-24,"Reference: Fixed, Report: Fixed",10.7,4.54,5.41,0.313,0.0323,-0.262,23.2,natural
2021-10-24,"Reference: Fixed, Report: Day of week",6.86,3.85,2.05,0.885,0.0872,0.0741,10.9,natural
2021-10-24,"Reference: Age, Report: Day of week",12.8,4.17,7.46,0.855,-0.0518,-0.271,23,natural
2021-10-24,"Reference: Age and week, Report: Day of week",11.5,4.36,6.02,0.872,-0.0285,-0.204,20.6,natural
2021-10-24,"Reference: Age and week by age, Report: Day of week",17.6,4.03,13.2,0.0833,-0.127,-0.549,28.4,natural
2021-10-24,"Independent by age, Reference: Week, Report: Day of week",7.48,4.44,1.98,0.923,0.00941,-0.176,13.5,natural
2021-10-25,"Reference: Fixed, Report: Fixed",27.4,3.23,23.9,0.101,-0.232,-0.538,41.7,natural
2021-10-25,"Reference: Fixed, Report: Day of week",8.41,4.06,2.7,1.53,0.0205,0.0607,15.8,natural
2021-10-25,"Reference: Age, Report: Day of week",9.54,4.5,3.46,1.41,0.00472,-0.0125,17.8,natural
2021-10-25,"Reference: Age and week, Report: Day of week",9.44,4.56,3.72,0.988,0.0264,-0.0661,17.2,natural
2021-10-25,"Reference: Age and week by age, Report: Day of week",19.1,4.87,13,0.929,-0.167,-0.412,33.8,natural
2021-10-25,"Independent by age, Reference: Week, Report: Day of week",8.75,4.5,3.3,0.808,-0.0295,-0.204,16.5,natural
2021-10-26,"Reference: Fixed, Report: Fixed",13.3,4.8,7.64,0.591,-0.0653,-0.368,24.8,natural
2021-10-26,"Reference: Fixed, Report: Day of week",8.21,3.52,3.63,0.848,-0.0191,-0.137,15.9,natural
2021-10-26,"Reference: Age, Report: Day of week",8.42,3.63,3.71,0.884,-0.0148,-0.136,15.9,natural
2021-10-26,"Reference: Age and week, Report: Day of week",8.44,3.61,3.88,0.736,0.00273,-0.176,16.3,natural
2021-10-26,"Reference: Age and week by age, Report: Day of week",13.3,4.59,8.09,0.263,-0.0754,-0.445,26.9,natural
2021-10-26,"Independent by age, Reference: Week, Report: Day of week",7.79,3.81,3.39,0.36,-0.0117,-0.342,15.6,natural
2021-10-27,"Reference: Fixed, Report: Fixed",11.5,6.19,2.43,2.66,-0.0303,0.0554,23,natural
2021-10-27,"Reference: Fixed, Report: Day of week",11.5,3.44,6.88,0.935,-0.0722,-0.0786,21.6,natural
2021-10-27,"Reference: Age, Report: Day of week",11,3.66,5.84,1.24,-0.109,-0.0384,21.4,natural
2021-10-27,"Reference: Age and week, Report: Day of week",10.8,3.67,5.82,1.09,-0.0955,-0.0518,21,natural
2021-10-27,"Reference: Age and week by age, Report: Day of week",13.4,4.61,7.04,1.51,-0.0752,-0.0902,25.8,natural
2021-10-27,"Independent by age, Reference: Week, Report: Day of week",9.49,3.91,4.69,0.616,0.0105,-0.208,19.2,natural
2021-10-28,"Reference: Fixed, Report: Fixed",13,7.29,1.17,4.42,-0.041,0.181,19.4,natural
2021-10-28,"Reference: Fixed, Report: Day of week",10.2,4.01,3.64,2.33,-0.113,0.0518,20.6,natural
2021-10-28,"Reference: Age, Report: Day of week",9.82,4.43,1.93,3.32,-0.0774,0.159,18.4,natural
2021-10-28,"Reference: Age and week, Report: Day of week",9.72,4.57,1.76,3.27,-0.078,0.167,17.5,natural
2021-10-28,"Reference: Age and week by age, Report: Day of week",16,6.33,5.64,3.61,-0.0872,0.13,31.5,natural
2021-10-28,"Independent by age, Reference: Week, Report: Day of week",9.2,5.14,0.892,3.09,0.0142,0.0848,15.9,natural
2021-10-29,"Reference: Fixed, Report: Fixed",11.5,5.7,0.612,5.12,-0.058,0.395,17.6,natural
2021-10-29,"Reference: Fixed, Report: Day of week",8.02,3.13,2.51,2.28,-0.116,0.194,14.9,natural
2021-10-29,"Reference: Age, Report: Day of week",8.42,3.66,1.17,3.52,-0.118,0.322,14.5,natural
2021-10-29,"Reference: Age and week, Report: Day of week",8.48,3.74,1.08,3.61,-0.107,0.36,14.9,natural
2021-10-29,"Reference: Age and week by age, Report: Day of week",13.1,4.6,7.17,1.05,-0.0813,-0.0653,26.6,natural
2021-10-29,"Independent by age, Reference: Week, Report: Day of week",7.3,3.91,0.57,2.77,-0.00158,0.187,11.8,natural
2021-10-30,"Reference: Fixed, Report: Fixed",10.2,4.61,1.08,4.39,-0.095,0.386,17.1,natural
2021-10-30,"Reference: Fixed, Report: Day of week",8.84,2.65,3.7,2.42,-0.155,0.202,15.4,natural
2021-10-30,"Reference: Age, Report: Day of week",9.35,3.44,3.84,1.97,-0.0458,0.181,16.1,natural
2021-10-30,"Reference: Age and week, Report: Day of week",9.52,3.54,3.78,2.1,-0.051,0.19,16.5,natural
2021-10-30,"Reference: Age and week by age, Report: Day of week",19.2,2.95,15.2,0.825,-0.173,-0.167,31.5,natural
2021-10-30,"Independent by age, Reference: Week, Report: Day of week",7.18,3.18,1.23,2.66,-0.028,0.168,13.4,natural
2021-10-31,"Reference: Fixed, Report: Fixed",10.4,3.44,4.62,2.11,-0.126,0.0471,20.9,natural
2021-10-31,"Reference: Fixed, Report: Day of week",8.06,2.51,3.48,1.97,-0.141,0.147,14.6,natural
2021-10-31,"Reference: Age, Report: Day of week",21.7,2.48,16.9,2.19,-0.277,-0.119,32.9,natural
2021-10-31,"Reference: Age and week, Report: Day of week",22.9,2.43,18.1,2.33,-0.3,-0.143,33.5,natural
2021-10-31,"Reference: Age and week by age, Report: Day of week",19.2,2.6,15,1.38,-0.231,-0.19,29.5,natural
2021-10-31,"Independent by age, Reference: Week, Report: Day of week",6.72,2.93,1.64,2.05,-0.0413,0.09,11.3,natural
2021-11-01,"Reference: Fixed, Report: Fixed",17.2,2.79,13.4,0.925,-0.222,-0.162,28.3,natural
2021-11-01,"Reference: Fixed, Report: Day of week",7.69,2.63,2.76,2.18,-0.147,0.196,13.9,natural
2021-11-01,"Reference: Age, Report: Day of week",7.49,3.11,1.32,3,-0.149,0.461,13.6,natural
2021-11-01,"Reference: Age and week, Report: Day of week",7.45,3.37,1.49,2.51,-0.121,0.309,13.3,natural
2021-11-01,"Reference: Age and week by age, Report: Day of week",9.32,3.3,4.41,1.42,-0.106,0.0286,17.6,natural
2021-11-01,"Independent by age, Reference: Week, Report: Day of week",6.8,3.06,1.03,2.65,-0.0455,0.191,11.3,natural
2021-11-02,"Reference: Fixed, Report: Fixed",20.2,2.75,17.2,0.0952,-0.184,-0.476,31.8,natural
2021-11-02,"Reference: Fixed, Report: Day of week",12.6,2.36,10,0.148,-0.125,-0.312,20.2,natural
2021-11-02,"Reference: Age, Report: Day of week",26.2,2.28,23.7,0.037,-0.321,-0.631,38,natural
2021-11-02,"Reference: Age and week, Report: Day of week",35.1,2.03,33,0.00529,-0.4,-0.771,46,natural
2021-11-02,"Reference: Age and week by age, Report: Day of week",36.5,1.99,34.3,0.00529,-0.4,-0.774,46.7,natural
2021-11-02,"Independent by age, Reference: Week, Report: Day of week",11.9,2.52,9.08,0.0529,-0.142,-0.514,21.6,natural
2021-11-03,"Reference: Fixed, Report: Fixed",9.3,3.27,5.52,0.127,-0.124,-0.325,19.8,natural
2021-11-03,"Reference: Fixed, Report: Day of week",9.53,2.36,6.82,0.127,-0.226,-0.436,18.2,natural
2021-11-03,"Reference: Age, Report: Day of week",9.06,2.4,6.3,0.135,-0.165,-0.418,17.6,natural
2021-11-03,"Reference: Age and week, Report: Day of week",9.09,2.5,6.13,0.151,-0.173,-0.404,18.1,natural
2021-11-03,"Reference: Age and week by age, Report: Day of week",12.3,2.76,9.1,0.111,-0.245,-0.457,22.7,natural
2021-11-03,"Independent by age, Reference: Week, Report: Day of week",7.1,2.62,4.26,0.00794,-0.0351,-0.525,13.9,natural
2021-11-04,"Reference: Fixed, Report: Fixed",4.58,3.51,0.829,0.159,0.122,-0.2,6.57,natural
2021-11-04,"Reference: Fixed, Report: Day of week",4.04,2.41,1.44,0.0794,0.0922,-0.271,8.14,natural
2021-11-04,"Reference: Age, Report: Day of week",3.53,2.65,0.571,0.238,0.106,-0.0714,4.71,natural
2021-11-04,"Reference: Age and week, Report: Day of week",3.46,2.69,0.443,0.27,0.106,0.0714,4.29,natural
2021-11-04,"Reference: Age and week by age, Report: Day of week",4.14,3.2,0.143,0.778,0.138,0.286,7.29,natural
2021-11-04,"Independent by age, Reference: Week, Report: Day of week",3.88,2.88,0.514,0.46,0.0297,-0.0929,6.14,natural
2021-10-01,"Reference: Fixed, Report: Fixed",0.103,0.037,0.00683,0.0585,-0.0996,0.462,0.198,log
2021-10-01,"Reference: Fixed, Report: Day of week",0.0899,0.0299,0.0167,0.043,-0.0788,0.21,0.159,log
2021-10-01,"Reference: Age, Report: Day of week",0.0878,0.0309,0.0324,0.0234,-0.0942,-0.0643,0.158,log
2021-10-01,"Reference: Age and week, Report: Day of week",0.0886,0.031,0.0316,0.025,-0.0942,-0.0384,0.16,log
2021-10-01,"Reference: Age and week by age, Report: Day of week",0.13,0.0316,0.0831,0.0137,-0.157,-0.379,0.22,log
2021-10-01,"Independent by age, Reference: Week, Report: Day of week",0.0687,0.0319,0.0207,0.0155,0.00234,-0.0562,0.122,log
2021-10-02,"Reference: Fixed, Report: Fixed",0.105,0.0367,0.00406,0.0636,-0.101,0.555,0.201,log
2021-10-02,"Reference: Fixed, Report: Day of week",0.0977,0.0305,0.011,0.0559,-0.135,0.42,0.186,log
2021-10-02,"Reference: Age, Report: Day of week",0.0932,0.0327,0.0167,0.0434,-0.0945,0.266,0.165,log
2021-10-02,"Reference: Age and week, Report: Day of week",0.0919,0.0329,0.0172,0.0413,-0.1,0.234,0.169,log
2021-10-02,"Reference: Age and week by age, Report: Day of week",0.0905,0.0344,0.0385,0.0167,-0.045,-0.134,0.156,log
2021-10-02,"Independent by age, Reference: Week, Report: Day of week",0.0645,0.0327,0.0092,0.0222,0.0339,0.178,0.123,log
2021-10-03,"Reference: Fixed, Report: Fixed",0.0927,0.0366,0.016,0.0397,-0.0165,0.201,0.158,log
2021-10-03,"Reference: Fixed, Report: Day of week",0.129,0.032,0.0134,0.083,-0.209,0.437,0.233,log
2021-10-03,"Reference: Age, Report: Day of week",0.119,0.0348,0.0191,0.065,-0.14,0.3,0.221,log
2021-10-03,"Reference: Age and week, Report: Day of week",0.122,0.0354,0.0206,0.0657,-0.14,0.279,0.22,log
2021-10-03,"Reference: Age and week by age, Report: Day of week",0.121,0.0355,0.0373,0.0472,-0.14,0.0679,0.212,log
2021-10-03,"Independent by age, Reference: Week, Report: Day of week",0.0904,0.0355,0.0128,0.0416,-0.0715,0.212,0.173,log
2021-10-04,"Reference: Fixed, Report: Fixed",0.116,0.0393,0.0501,0.025,-0.156,-0.224,0.207,log
2021-10-04,"Reference: Fixed, Report: Day of week",0.173,0.0358,0.0171,0.12,-0.261,0.405,0.289,log
2021-10-04,"Reference: Age, Report: Day of week",0.152,0.037,0.0223,0.0922,-0.204,0.28,0.269,log
2021-10-04,"Reference: Age and week, Report: Day of week",0.153,0.0372,0.0222,0.0931,-0.204,0.289,0.268,log
2021-10-04,"Reference: Age and week by age, Report: Day of week",0.156,0.039,0.0296,0.087,-0.183,0.192,0.268,log
2021-10-04,"Independent by age, Reference: Week, Report: Day of week",0.118,0.0391,0.0202,0.0579,-0.118,0.0813,0.22,log
2021-10-05,"Reference: Fixed, Report: Fixed",0.117,0.0375,0.0157,0.063,-0.0558,0.212,0.22,log
2021-10-05,"Reference: Fixed, Report: Day of week",0.156,0.033,0.00999,0.113,-0.185,0.394,0.263,log
2021-10-05,"Reference: Age, Report: Day of week",0.151,0.0342,0.0111,0.105,-0.169,0.373,0.251,log
2021-10-05,"Reference: Age and week, Report: Day of week",0.151,0.034,0.0121,0.105,-0.184,0.349,0.255,log
2021-10-05,"Reference: Age and week by age, Report: Day of week",0.147,0.0365,0.01,0.1,-0.154,0.355,0.241,log
2021-10-05,"Independent by age, Reference: Week, Report: Day of week",0.12,0.038,0.0123,0.0689,-0.0583,0.21,0.209,log
2021-10-06,"Reference: Fixed, Report: Fixed",0.156,0.0368,0.00594,0.113,-0.126,0.465,0.259,log
2021-10-06,"Reference: Fixed, Report: Day of week",0.157,0.0311,0.00891,0.116,-0.225,0.499,0.258,log
2021-10-06,"Reference: Age, Report: Day of week",0.13,0.0331,0.0139,0.0823,-0.132,0.333,0.234,log
2021-10-06,"Reference: Age and week, Report: Day of week",0.129,0.0332,0.0145,0.0807,-0.136,0.326,0.233,log
2021-10-06,"Reference: Age and week by age, Report: Day of week",0.112,0.0389,0.017,0.0556,-0.0519,0.279,0.21,log
2021-10-06,"Independent by age, Reference: Week, Report: Day of week",0.105,0.0368,0.00608,0.0616,-0.0226,0.312,0.192,log
2021-10-07,"Reference: Fixed, Report: Fixed",0.159,0.0371,0.0034,0.118,-0.167,0.602,0.271,log
2021-10-07,"Reference: Fixed, Report: Day of week",0.145,0.032,0.00633,0.106,-0.215,0.567,0.253,log
2021-10-07,"Reference: Age, Report: Day of week",0.11,0.0342,0.0174,0.0575,-0.0853,0.24,0.205,log
2021-10-07,"Reference: Age and week, Report: Day of week",0.107,0.035,0.0168,0.0544,-0.0794,0.264,0.205,log
2021-10-07,"Reference: Age and week by age, Report: Day of week",0.244,0.0225,0.172,0.088,-0.426,-0.0964,0.256,log
2021-10-07,"Independent by age, Reference: Week, Report: Day of week",0.0925,0.0358,0.00519,0.051,0.00356,0.301,0.171,log
2021-10-08,"Reference: Fixed, Report: Fixed",0.15,0.0395,0.000961,0.109,-0.201,0.682,0.271,log
2021-10-08,"Reference: Fixed, Report: Day of week",0.119,0.0345,0.00435,0.0794,-0.179,0.55,0.218,log
2021-10-08,"Reference: Age, Report: Day of week",0.0974,0.0358,0.0111,0.05,-0.0917,0.329,0.179,log
2021-10-08,"Reference: Age and week, Report: Day of week",0.0942,0.0358,0.0121,0.0457,-0.0701,0.293,0.184,log
2021-10-08,"Reference: Age and week by age, Report: Day of week",0.104,0.0431,0.0398,0.0198,-0.0455,-0.191,0.177,log
2021-10-08,"Independent by age, Reference: Week, Report: Day of week",0.0807,0.0407,0.00342,0.0363,0.0174,0.379,0.144,log
2021-10-09,"Reference: Fixed, Report: Fixed",0.13,0.0386,0.00143,0.0895,-0.167,0.671,0.237,log
2021-10-09,"Reference: Fixed, Report: Day of week",0.112,0.0344,0.00437,0.073,-0.211,0.553,0.21,log
2021-10-09,"Reference: Age, Report: Day of week",0.0977,0.0412,0.0134,0.0423,-0.0878,0.246,0.172,log
2021-10-09,"Reference: Age and week, Report: Day of week",0.0974,0.0413,0.0137,0.0416,-0.0726,0.217,0.17,log
2021-10-09,"Reference: Age and week by age, Report: Day of week",0.0968,0.0433,0.033,0.0196,-0.0421,-0.143,0.161,log
2021-10-09,"Independent by age, Reference: Week, Report: Day of week",0.0843,0.0449,0.00339,0.0356,-0.0123,0.474,0.143,log
2021-10-10,"Reference: Fixed, Report: Fixed",0.0992,0.0421,0.00927,0.0472,-0.0252,0.219,0.195,log
2021-10-10,"Reference: Fixed, Report: Day of week",0.125,0.0368,0.00566,0.0821,-0.187,0.573,0.237,log
2021-10-10,"Reference: Age, Report: Day of week",0.14,0.0445,0.0597,0.0347,-0.223,-0.117,0.224,log
2021-10-10,"Reference: Age and week, Report: Day of week",0.135,0.0455,0.054,0.034,-0.21,-0.112,0.221,log
2021-10-10,"Reference: Age and week by age, Report: Day of week",0.12,0.0463,0.0584,0.0137,-0.102,-0.312,0.187,log
2021-10-10,"Independent by age, Reference: Week, Report: Day of week",0.0835,0.0495,0.00497,0.0286,0.0194,0.297,0.15,log
2021-10-11,"Reference: Fixed, Report: Fixed",0.129,0.0434,0.0574,0.0272,-0.172,-0.163,0.243,log
2021-10-11,"Reference: Fixed, Report: Day of week",0.151,0.0405,0.0094,0.101,-0.201,0.496,0.283,log
2021-10-11,"Reference: Age, Report: Day of week",0.121,0.0485,0.0218,0.0504,-0.0786,0.092,0.229,log
2021-10-11,"Reference: Age and week, Report: Day of week",0.113,0.0486,0.0278,0.0353,-0.0514,-0.0384,0.211,log
2021-10-11,"Reference: Age and week by age, Report: Day of week",0.172,0.0551,0.0976,0.0162,-0.187,-0.423,0.355,log
2021-10-11,"Independent by age, Reference: Week, Report: Day of week",0.101,0.0539,0.0147,0.0314,0.0141,0.107,0.172,log
2021-10-12,"Reference: Fixed, Report: Fixed",0.107,0.0403,0.0186,0.0471,-0.0752,-0.0312,0.199,log
2021-10-12,"Reference: Fixed, Report: Day of week",0.13,0.0391,0.00984,0.0807,-0.119,0.299,0.216,log
2021-10-12,"Reference: Age, Report: Day of week",0.117,0.0441,0.0223,0.0498,-0.0947,-0.0107,0.191,log
2021-10-12,"Reference: Age and week, Report: Day of week",0.117,0.0439,0.0249,0.0473,-0.0942,-0.0286,0.19,log
2021-10-12,"Reference: Age and week by age, Report: Day of week",0.132,0.0473,0.0498,0.0327,-0.117,-0.241,0.289,log
2021-10-12,"Independent by age, Reference: Week, Report: Day of week",0.1,0.0458,0.0224,0.0304,-0.00978,-0.0455,0.23,log
2021-10-13,"Reference: Fixed, Report: Fixed",0.125,0.0366,0.00361,0.0849,-0.101,0.387,0.219,log
2021-10-13,"Reference: Fixed, Report: Day of week",0.123,0.0305,0.00569,0.0862,-0.15,0.404,0.207,log
2021-10-13,"Reference: Age, Report: Day of week",0.116,0.0304,0.00989,0.075,-0.149,0.273,0.199,log
2021-10-13,"Reference: Age and week, Report: Day of week",0.114,0.031,0.0107,0.0724,-0.159,0.264,0.199,log
2021-10-13,"Reference: Age and week by age, Report: Day of week",0.108,0.0354,0.00854,0.0636,-0.0715,0.221,0.192,log
2021-10-13,"Independent by age, Reference: Week, Report: Day of week",0.0789,0.0319,0.00534,0.0413,-0.00552,0.211,0.133,log
2021-10-14,"Reference: Fixed, Report: Fixed",0.121,0.0362,0.00131,0.0835,-0.0881,0.529,0.216,log
2021-10-14,"Reference: Fixed, Report: Day of week",0.108,0.0296,0.00281,0.075,-0.117,0.442,0.194,log
2021-10-14,"Reference: Age, Report: Day of week",0.0778,0.0318,0.0116,0.0338,0.0388,0.0143,0.142,log
2021-10-14,"Reference: Age and week, Report: Day of week",0.0772,0.0315,0.0123,0.0328,0.0329,-0.0232,0.142,log
2021-10-14,"Reference: Age and week by age, Report: Day of week",0.121,0.0303,0.0717,0.0168,-0.171,-0.338,0.209,log
2021-10-14,"Independent by age, Reference: Week, Report: Day of week",0.0608,0.0307,0.00511,0.0245,0.104,0.192,0.119,log
2021-10-15,"Reference: Fixed, Report: Fixed",0.109,0.0367,0.000689,0.0715,-0.102,0.623,0.205,log
2021-10-15,"Reference: Fixed, Report: Day of week",0.088,0.0292,0.00425,0.0543,-0.119,0.55,0.162,log
2021-10-15,"Reference: Age, Report: Day of week",0.0687,0.0318,0.00931,0.0273,0.028,0.275,0.122,log
2021-10-15,"Reference: Age and week, Report: Day of week",0.0696,0.0313,0.0089,0.0291,0.032,0.273,0.128,log
2021-10-15,"Reference: Age and week by age, Report: Day of week",0.0885,0.0305,0.0444,0.0119,-0.0703,-0.323,0.172,log
2021-10-15,"Independent by age, Reference: Week, Report: Day of week",0.0542,0.0289,0.00524,0.0195,0.0689,0.231,0.106,log
2021-10-16,"Reference: Fixed, Report: Fixed",0.0964,0.0362,0.00228,0.0576,-0.11,0.564,0.18,log
2021-10-16,"Reference: Fixed, Report: Day of week",0.0801,0.0298,0.00736,0.0427,-0.128,0.439,0.147,log
2021-10-16,"Reference: Age, Report: Day of week",0.0768,0.0301,0.0114,0.0347,-0.072,0.319,0.141,log
2021-10-16,"Reference: Age and week, Report: Day of week",0.0769,0.0303,0.0113,0.0349,-0.072,0.321,0.145,log
2021-10-16,"Reference: Age and week by age, Report: Day of week",0.091,0.033,0.0404,0.0159,-0.0683,-0.193,0.179,log
2021-10-16,"Independent by age, Reference: Week, Report: Day of week",0.0572,0.03,0.0105,0.0158,0.0514,0.164,0.11,log
2021-10-17,"Reference: Fixed, Report: Fixed",0.0876,0.0376,0.0135,0.0359,-0.042,0.185,0.16,log
2021-10-17,"Reference: Fixed, Report: Day of week",0.102,0.0329,0.00723,0.062,-0.163,0.49,0.192,log
2021-10-17,"Reference: Age, Report: Day of week",0.126,0.0318,0.0635,0.03,-0.246,-0.225,0.212,log
2021-10-17,"Reference: Age and week, Report: Day of week",0.125,0.0323,0.0618,0.0304,-0.244,-0.215,0.212,log
2021-10-17,"Reference: Age and week by age, Report: Day of week",0.143,0.0358,0.0893,0.0166,-0.192,-0.316,0.24,log
2021-10-17,"Independent by age, Reference: Week, Report: Day of week",0.0692,0.0349,0.00782,0.0256,0.0214,0.15,0.144,log
2021-10-18,"Reference: Fixed, Report: Fixed",0.118,0.0402,0.0496,0.0272,-0.116,-0.188,0.218,log
2021-10-18,"Reference: Fixed, Report: Day of week",0.177,0.0366,0.00952,0.131,-0.214,0.495,0.292,log
2021-10-18,"Reference: Age, Report: Day of week",0.147,0.0392,0.0695,0.0373,-0.177,-0.183,0.26,log
2021-10-18,"Reference: Age and week, Report: Day of week",0.137,0.0422,0.0555,0.0377,-0.12,-0.138,0.252,log
2021-10-18,"Reference: Age and week by age, Report: Day of week",0.158,0.0417,0.0846,0.0303,-0.162,-0.315,0.268,log
2021-10-18,"Independent by age, Reference: Week, Report: Day of week",0.127,0.04,0.0121,0.074,-0.0931,0.191,0.235,log
2021-10-19,"Reference: Fixed, Report: Fixed",0.0998,0.0366,0.0139,0.0487,-0.00275,0.0188,0.176,log
2021-10-19,"Reference: Fixed, Report: Day of week",0.128,0.0313,0.00775,0.089,-0.109,0.319,0.21,log
2021-10-19,"Reference: Age, Report: Day of week",0.114,0.0319,0.0112,0.0703,-0.0735,0.233,0.191,log
2021-10-19,"Reference: Age and week, Report: Day of week",0.112,0.0319,0.0139,0.0658,-0.0705,0.177,0.193,log
2021-10-19,"Reference: Age and week by age, Report: Day of week",0.127,0.0356,0.0664,0.0236,-0.116,-0.352,0.22,log
2021-10-19,"Independent by age, Reference: Week, Report: Day of week",0.091,0.0336,0.0128,0.0436,-0.00472,0.0696,0.169,log
2021-10-20,"Reference: Fixed, Report: Fixed",0.103,0.0363,0.0109,0.055,-0.00355,0.164,0.181,log
2021-10-20,"Reference: Fixed, Report: Day of week",0.103,0.0298,0.0152,0.057,-0.0925,0.213,0.182,log
2021-10-20,"Reference: Age, Report: Day of week",0.0952,0.0309,0.0334,0.0298,-0.061,-0.171,0.18,log
2021-10-20,"Reference: Age and week, Report: Day of week",0.101,0.0315,0.0396,0.0281,-0.0828,-0.218,0.184,log
2021-10-20,"Reference: Age and week by age, Report: Day of week",0.207,0.0271,0.167,0.0107,-0.354,-0.662,0.292,log
2021-10-20,"Independent by age, Reference: Week, Report: Day of week",0.0843,0.0315,0.0316,0.0197,-0.0241,-0.0795,0.157,log
2021-10-21,"Reference: Fixed, Report: Fixed",0.0819,0.0362,0.00912,0.036,0.0138,0.2,0.153,log
2021-10-21,"Reference: Fixed, Report: Day of week",0.0829,0.0299,0.0176,0.0347,-0.0494,0.121,0.158,log
2021-10-21,"Reference: Age, Report: Day of week",0.158,0.0279,0.125,0.00319,-0.314,-0.709,0.26,log
2021-10-21,"Reference: Age and week, Report: Day of week",0.161,0.0282,0.128,0.00316,-0.306,-0.711,0.268,log
2021-10-21,"Reference: Age and week by age, Report: Day of week",0.218,0.0243,0.188,0.00319,-0.406,-0.746,0.3,log
2021-10-21,"Independent by age, Reference: Week, Report: Day of week",0.0743,0.0315,0.0356,0.00541,-0.00348,-0.28,0.149,log
2021-10-22,"Reference: Fixed, Report: Fixed",0.0682,0.0371,0.0032,0.0277,0.0808,0.284,0.121,log
2021-10-22,"Reference: Fixed, Report: Day of week",0.0638,0.0298,0.0124,0.0208,0.0146,0.0446,0.129,log
2021-10-22,"Reference: Age, Report: Day of week",0.0661,0.0313,0.0188,0.0149,0.0153,-0.115,0.126,log
2021-10-22,"Reference: Age and week, Report: Day of week",0.0659,0.0315,0.0183,0.0148,0.0251,-0.134,0.126,log
2021-10-22,"Reference: Age and week by age, Report: Day of week",0.113,0.0312,0.0723,0.0071,-0.184,-0.553,0.204,log
2021-10-22,"Independent by age, Reference: Week, Report: Day of week",0.059,0.0324,0.0212,0.00429,0.0668,-0.246,0.121,log
2021-10-23,"Reference: Fixed, Report: Fixed",0.0649,0.0365,0.00439,0.0236,0.0808,0.282,0.115,log
2021-10-23,"Reference: Fixed, Report: Day of week",0.0606,0.0295,0.0123,0.018,0.0343,-0.0125,0.111,log
2021-10-23,"Reference: Age, Report: Day of week",0.0645,0.0295,0.0179,0.016,0.00511,-0.116,0.127,log
2021-10-23,"Reference: Age and week, Report: Day of week",0.0632,0.0298,0.0162,0.0162,0.0248,-0.0857,0.121,log
2021-10-23,"Reference: Age and week by age, Report: Day of week",0.114,0.03,0.0731,0.00894,-0.215,-0.6,0.204,log
2021-10-23,"Independent by age, Reference: Week, Report: Day of week",0.078,0.0286,0.0399,0.00789,-0.0655,-0.219,0.146,log
2021-10-24,"Reference: Fixed, Report: Fixed",0.0749,0.0365,0.0235,0.0131,0.0323,-0.262,0.157,log
2021-10-24,"Reference: Fixed, Report: Day of week",0.0584,0.0315,0.00934,0.0173,0.0872,0.0741,0.0988,log
2021-10-24,"Reference: Age, Report: Day of week",0.0833,0.0345,0.031,0.0163,-0.0518,-0.271,0.156,log
2021-10-24,"Reference: Age and week, Report: Day of week",0.0781,0.0351,0.0252,0.0164,-0.0285,-0.204,0.142,log
2021-10-24,"Reference: Age and week by age, Report: Day of week",0.0967,0.0349,0.0544,0.0058,-0.127,-0.549,0.167,log
2021-10-24,"Independent by age, Reference: Week, Report: Day of week",0.0642,0.0346,0.0209,0.00727,0.00941,-0.176,0.129,log
2021-10-25,"Reference: Fixed, Report: Fixed",0.256,0.039,0.109,0.105,-0.232,-0.538,0.379,log
2021-10-25,"Reference: Fixed, Report: Day of week",0.189,0.0355,0.0113,0.141,0.0205,0.0607,0.266,log
2021-10-25,"Reference: Age, Report: Day of week",0.193,0.0374,0.0144,0.14,0.00472,-0.0125,0.275,log
2021-10-25,"Reference: Age and week, Report: Day of week",0.189,0.0385,0.0151,0.135,0.0264,-0.0661,0.264,log
2021-10-25,"Reference: Age and week by age, Report: Day of week",0.223,0.0413,0.0541,0.126,-0.167,-0.412,0.339,log
2021-10-25,"Independent by age, Reference: Week, Report: Day of week",0.173,0.0386,0.0241,0.109,-0.0295,-0.204,0.268,log
2021-10-26,"Reference: Fixed, Report: Fixed",0.155,0.0357,0.0333,0.0845,-0.0653,-0.368,0.253,log
2021-10-26,"Reference: Fixed, Report: Day of week",0.164,0.0295,0.0167,0.117,-0.0191,-0.137,0.227,log
2021-10-26,"Reference: Age, Report: Day of week",0.165,0.0298,0.0165,0.118,-0.0148,-0.136,0.225,log
2021-10-26,"Reference: Age and week, Report: Day of week",0.162,0.0301,0.0168,0.114,0.00273,-0.176,0.229,log
2021-10-26,"Reference: Age and week by age, Report: Day of week",0.182,0.0363,0.0406,0.103,-0.0754,-0.445,0.278,log
2021-10-26,"Independent by age, Reference: Week, Report: Day of week",0.136,0.0326,0.0236,0.0779,-0.0117,-0.342,0.227,log
2021-10-27,"Reference: Fixed, Report: Fixed",0.153,0.0362,0.0127,0.103,-0.0303,0.0554,0.26,log
2021-10-27,"Reference: Fixed, Report: Day of week",0.168,0.0277,0.0253,0.114,-0.0722,-0.0786,0.244,log
2021-10-27,"Reference: Age, Report: Day of week",0.169,0.028,0.0222,0.118,-0.109,-0.0384,0.243,log
2021-10-27,"Reference: Age and week, Report: Day of week",0.168,0.028,0.0218,0.117,-0.0955,-0.0518,0.241,log
2021-10-27,"Reference: Age and week by age, Report: Day of week",0.179,0.0328,0.0271,0.118,-0.0752,-0.0902,0.264,log
2021-10-27,"Independent by age, Reference: Week, Report: Day of week",0.111,0.0315,0.0214,0.0567,0.0105,-0.208,0.209,log
2021-10-28,"Reference: Fixed, Report: Fixed",0.158,0.0371,0.0109,0.11,-0.041,0.181,0.251,log
2021-10-28,"Reference: Fixed, Report: Day of week",0.149,0.0282,0.0197,0.1,-0.113,0.0518,0.241,log
2021-10-28,"Reference: Age, Report: Day of week",0.15,0.0294,0.0134,0.107,-0.0774,0.159,0.242,log
2021-10-28,"Reference: Age and week, Report: Day of week",0.15,0.0298,0.0126,0.106,-0.078,0.167,0.239,log
2021-10-28,"Reference: Age and week by age, Report: Day of week",0.199,0.038,0.0265,0.133,-0.0872,0.13,0.298,log
2021-10-28,"Independent by age, Reference: Week, Report: Day of week",0.0937,0.04,0.0246,0.0281,0.0142,0.0848,0.213,log
2021-10-29,"Reference: Fixed, Report: Fixed",0.14,0.0328,0.00375,0.103,-0.058,0.395,0.257,log
2021-10-29,"Reference: Fixed, Report: Day of week",0.123,0.0267,0.012,0.0839,-0.116,0.194,0.229,log
2021-10-29,"Reference: Age, Report: Day of week",0.129,0.0282,0.00597,0.0941,-0.118,0.322,0.244,log
2021-10-29,"Reference: Age and week, Report: Day of week",0.128,0.0283,0.00554,0.0937,-0.107,0.36,0.236,log
2021-10-29,"Reference: Age and week by age, Report: Day of week",0.135,0.0324,0.0274,0.0741,-0.0813,-0.0653,0.265,log
2021-10-29,"Independent by age, Reference: Week, Report: Day of week",0.0777,0.0363,0.0108,0.0301,-0.00158,0.187,0.198,log
2021-10-30,"Reference: Fixed, Report: Fixed",0.136,0.0303,0.00486,0.1,-0.095,0.386,0.249,log
2021-10-30,"Reference: Fixed, Report: Day of week",0.125,0.024,0.014,0.0864,-0.155,0.202,0.231,log
2021-10-30,"Reference: Age, Report: Day of week",0.101,0.0324,0.0139,0.0543,-0.0458,0.181,0.229,log
2021-10-30,"Reference: Age and week, Report: Day of week",0.122,0.0275,0.0137,0.0803,-0.051,0.19,0.231,log
2021-10-30,"Reference: Age and week by age, Report: Day of week",0.151,0.0257,0.0495,0.0746,-0.173,-0.167,0.271,log
2021-10-30,"Independent by age, Reference: Week, Report: Day of week",0.0716,0.0354,0.00654,0.029,-0.028,0.168,0.191,log
2021-10-31,"Reference: Fixed, Report: Fixed",0.142,0.0278,0.0156,0.0981,-0.126,0.0471,0.271,log
2021-10-31,"Reference: Fixed, Report: Day of week",0.137,0.0246,0.013,0.0988,-0.141,0.147,0.252,log
2021-10-31,"Reference: Age, Report: Day of week",0.177,0.0246,0.0553,0.0965,-0.277,-0.119,0.307,log
2021-10-31,"Reference: Age and week, Report: Day of week",0.182,0.0251,0.0594,0.0968,-0.3,-0.143,0.308,log
2021-10-31,"Reference: Age and week by age, Report: Day of week",0.165,0.0251,0.0489,0.0908,-0.231,-0.19,0.294,log
2021-10-31,"Independent by age, Reference: Week, Report: Day of week",0.0781,0.0377,0.00973,0.03,-0.0413,0.09,0.212,log
2021-11-01,"Reference: Fixed, Report: Fixed",0.14,0.0329,0.0399,0.0668,-0.222,-0.162,0.296,log
2021-11-01,"Reference: Fixed, Report: Day of week",0.157,0.0258,0.0103,0.12,-0.147,0.196,0.29,log
2021-11-01,"Reference: Age, Report: Day of week",0.16,0.0273,0.00495,0.128,-0.149,0.461,0.3,log
2021-11-01,"Reference: Age and week, Report: Day of week",0.159,0.0283,0.0057,0.125,-0.121,0.309,0.295,log
2021-11-01,"Reference: Age and week by age, Report: Day of week",0.157,0.0285,0.0162,0.111,-0.106,0.0286,0.301,log
2021-11-01,"Independent by age, Reference: Week, Report: Day of week",0.0885,0.0413,0.00955,0.0371,-0.0455,0.191,0.253,log
2021-11-02,"Reference: Fixed, Report: Fixed",0.0701,0.0159,0.0486,0.00488,-0.184,-0.476,0.111,log
2021-11-02,"Reference: Fixed, Report: Day of week",0.0523,0.0153,0.0303,0.00629,-0.125,-0.312,0.0802,log
2021-11-02,"Reference: Age, Report: Day of week",0.0926,0.0147,0.0747,0.00239,-0.321,-0.631,0.138,log
2021-11-02,"Reference: Age and week, Report: Day of week",0.123,0.0126,0.109,0.000392,-0.4,-0.771,0.164,log
2021-11-02,"Reference: Age and week by age, Report: Day of week",0.127,0.0125,0.113,0.000392,-0.4,-0.774,0.169,log
2021-11-02,"Independent by age, Reference: Week, Report: Day of week",0.0486,0.0142,0.0314,0.00207,-0.142,-0.514,0.0964,log
2021-11-03,"Reference: Fixed, Report: Fixed",0.0423,0.0149,0.0191,0.0073,-0.124,-0.325,0.0869,log
2021-11-03,"Reference: Fixed, Report: Day of week",0.0433,0.0131,0.0227,0.00685,-0.226,-0.436,0.0802,log
2021-11-03,"Reference: Age, Report: Day of week",0.0409,0.0134,0.02,0.00688,-0.165,-0.418,0.0783,log
2021-11-03,"Reference: Age and week, Report: Day of week",0.0416,0.0138,0.0202,0.00694,-0.173,-0.404,0.0795,log
2021-11-03,"Reference: Age and week by age, Report: Day of week",0.0498,0.014,0.0281,0.00679,-0.245,-0.457,0.0906,log
2021-11-03,"Independent by age, Reference: Week, Report: Day of week",0.0356,0.0124,0.022,0.000547,-0.0351,-0.525,0.0612,log
2021-11-04,"Reference: Fixed, Report: Fixed",0.0264,0.0151,0.0061,0.0046,0.122,-0.2,0.0549,log
2021-11-04,"Reference: Fixed, Report: Day of week",0.0259,0.0128,0.00798,0.00436,0.0922,-0.271,0.0574,log
2021-11-04,"Reference: Age, Report: Day of week",0.025,0.0138,0.00371,0.00703,0.106,-0.0714,0.0517,log
2021-11-04,"Reference: Age and week, Report: Day of week",0.0247,0.0138,0.00339,0.00706,0.106,0.0714,0.0509,log
2021-11-04,"Reference: Age and week by age, Report: Day of week",0.0251,0.0153,0.00139,0.00825,0.138,0.286,0.047,log
2021-11-04,"Independent by age, Reference: Week, Report: Day of week",0.0308,0.0129,0.0158,0.00248,0.0297,-0.0929,0.0599,log
