location,age_group,forecast_date,target_end_date,target,type,quantile,value,pathogen
DE,00+,2021-10-20,2021-09-22,-28 day ahead inc hosp,quantile,0.025,2524,COVID-19
DE,00-04,2021-10-20,2021-09-22,-28 day ahead inc hosp,quantile,0.025,68,COVID-19
DE,05-14,2021-10-20,2021-09-22,-28 day ahead inc hosp,quantile,0.025,56,COVID-19
DE,15-34,2021-10-20,2021-09-22,-28 day ahead inc hosp,quantile,0.025,411,COVID-19
DE,35-59,2021-10-20,2021-09-22,-28 day ahead inc hosp,quantile,0.025,855,COVID-19
DE,60-79,2021-10-20,2021-09-22,-28 day ahead inc hosp,quantile,0.025,670,COVID-19
DE,80+,2021-10-20,2021-09-22,-28 day ahead inc hosp,quantile,0.025,455,COVID-19
DE,00+,2021-10-20,2021-09-23,-27 day ahead inc hosp,quantile,0.025,2463,COVID-19
DE,00-04,2021-10-20,2021-09-23,-27 day ahead inc hosp,quantile,0.025,70,COVID-19
DE,05-14,2021-10-20,2021-09-23,-27 day ahead inc hosp,quantile,0.025,57,COVID-19
DE,15-34,2021-10-20,2021-09-23,-27 day ahead inc hosp,quantile,0.025,401,COVID-19
DE,35-59,2021-10-20,2021-09-23,-27 day ahead inc hosp,quantile,0.025,813,COVID-19
DE,60-79,2021-10-20,2021-09-23,-27 day ahead inc hosp,quantile,0.025,674,COVID-19
DE,80+,2021-10-20,2021-09-23,-27 day ahead inc hosp,quantile,0.025,438,COVID-19
DE,00+,2021-10-20,2021-09-24,-26 day ahead inc hosp,quantile,0.025,2468,COVID-19
DE,00-04,2021-10-20,2021-09-24,-26 day ahead inc hosp,quantile,0.025,72,COVID-19
DE,05-14,2021-10-20,2021-09-24,-26 day ahead inc hosp,quantile,0.025,60,COVID-19
DE,15-34,2021-10-20,2021-09-24,-26 day ahead inc hosp,quantile,0.025,406,COVID-19
DE,35-59,2021-10-20,2021-09-24,-26 day ahead inc hosp,quantile,0.025,818,COVID-19
DE,60-79,2021-10-20,2021-09-24,-26 day ahead inc hosp,quantile,0.025,650,COVID-19
DE,80+,2021-10-20,2021-09-24,-26 day ahead inc hosp,quantile,0.025,451,COVID-19
DE,00+,2021-10-20,2021-09-25,-25 day ahead inc hosp,quantile,0.025,2447.975,COVID-19
DE,00-04,2021-10-20,2021-09-25,-25 day ahead inc hosp,quantile,0.025,74,COVID-19
DE,05-14,2021-10-20,2021-09-25,-25 day ahead inc hosp,quantile,0.025,55,COVID-19
DE,15-34,2021-10-20,2021-09-25,-25 day ahead inc hosp,quantile,0.025,398,COVID-19
DE,35-59,2021-10-20,2021-09-25,-25 day ahead inc hosp,quantile,0.025,834,COVID-19
DE,60-79,2021-10-20,2021-09-25,-25 day ahead inc hosp,quantile,0.025,635,COVID-19
DE,80+,2021-10-20,2021-09-25,-25 day ahead inc hosp,quantile,0.025,439,COVID-19
DE,00+,2021-10-20,2021-09-26,-24 day ahead inc hosp,quantile,0.025,2420,COVID-19
DE,00-04,2021-10-20,2021-09-26,-24 day ahead inc hosp,quantile,0.025,72,COVID-19
DE,05-14,2021-10-20,2021-09-26,-24 day ahead inc hosp,quantile,0.025,53,COVID-19
DE,15-34,2021-10-20,2021-09-26,-24 day ahead inc hosp,quantile,0.025,389,COVID-19
DE,35-59,2021-10-20,2021-09-26,-24 day ahead inc hosp,quantile,0.025,803,COVID-19
DE,60-79,2021-10-20,2021-09-26,-24 day ahead inc hosp,quantile,0.025,635,COVID-19
DE,80+,2021-10-20,2021-09-26,-24 day ahead inc hosp,quantile,0.025,454,COVID-19
DE,00+,2021-10-20,2021-09-27,-23 day ahead inc hosp,quantile,0.025,2423,COVID-19
DE,00-04,2021-10-20,2021-09-27,-23 day ahead inc hosp,quantile,0.025,71,COVID-19
DE,05-14,2021-10-20,2021-09-27,-23 day ahead inc hosp,quantile,0.025,56,COVID-19
DE,15-34,2021-10-20,2021-09-27,-23 day ahead inc hosp,quantile,0.025,386,COVID-19
DE,35-59,2021-10-20,2021-09-27,-23 day ahead inc hosp,quantile,0.025,800.975,COVID-19
DE,60-79,2021-10-20,2021-09-27,-23 day ahead inc hosp,quantile,0.025,639,COVID-19
DE,80+,2021-10-20,2021-09-27,-23 day ahead inc hosp,quantile,0.025,458,COVID-19
DE,00+,2021-10-20,2021-09-28,-22 day ahead inc hosp,quantile,0.025,2450,COVID-19
DE,00-04,2021-10-20,2021-09-28,-22 day ahead inc hosp,quantile,0.025,68,COVID-19
DE,05-14,2021-10-20,2021-09-28,-22 day ahead inc hosp,quantile,0.025,57,COVID-19
DE,15-34,2021-10-20,2021-09-28,-22 day ahead inc hosp,quantile,0.025,382,COVID-19
DE,35-59,2021-10-20,2021-09-28,-22 day ahead inc hosp,quantile,0.025,808,COVID-19
DE,60-79,2021-10-20,2021-09-28,-22 day ahead inc hosp,quantile,0.025,636,COVID-19
DE,80+,2021-10-20,2021-09-28,-22 day ahead inc hosp,quantile,0.025,484,COVID-19
DE,00+,2021-10-20,2021-09-29,-21 day ahead inc hosp,quantile,0.025,2539,COVID-19
DE,00-04,2021-10-20,2021-09-29,-21 day ahead inc hosp,quantile,0.025,73,COVID-19
DE,05-14,2021-10-20,2021-09-29,-21 day ahead inc hosp,quantile,0.025,56,COVID-19
DE,15-34,2021-10-20,2021-09-29,-21 day ahead inc hosp,quantile,0.025,404,COVID-19
DE,35-59,2021-10-20,2021-09-29,-21 day ahead inc hosp,quantile,0.025,826.975,COVID-19
DE,60-79,2021-10-20,2021-09-29,-21 day ahead inc hosp,quantile,0.025,637,COVID-19
DE,80+,2021-10-20,2021-09-29,-21 day ahead inc hosp,quantile,0.025,526,COVID-19
DE,00+,2021-10-20,2021-09-30,-20 day ahead inc hosp,quantile,0.025,2581,COVID-19
DE,00-04,2021-10-20,2021-09-30,-20 day ahead inc hosp,quantile,0.025,72,COVID-19
DE,05-14,2021-10-20,2021-09-30,-20 day ahead inc hosp,quantile,0.025,55,COVID-19
DE,15-34,2021-10-20,2021-09-30,-20 day ahead inc hosp,quantile,0.025,404,COVID-19
DE,35-59,2021-10-20,2021-09-30,-20 day ahead inc hosp,quantile,0.025,850,COVID-19
DE,60-79,2021-10-20,2021-09-30,-20 day ahead inc hosp,quantile,0.025,623,COVID-19
DE,80+,2021-10-20,2021-09-30,-20 day ahead inc hosp,quantile,0.025,556,COVID-19
DE,00+,2021-10-20,2021-10-01,-19 day ahead inc hosp,quantile,0.025,2519.975,COVID-19
DE,00-04,2021-10-20,2021-10-01,-19 day ahead inc hosp,quantile,0.025,66,COVID-19
DE,05-14,2021-10-20,2021-10-01,-19 day ahead inc hosp,quantile,0.025,51,COVID-19
DE,15-34,2021-10-20,2021-10-01,-19 day ahead inc hosp,quantile,0.025,384,COVID-19
DE,35-59,2021-10-20,2021-10-01,-19 day ahead inc hosp,quantile,0.025,803,COVID-19
DE,60-79,2021-10-20,2021-10-01,-19 day ahead inc hosp,quantile,0.025,629,COVID-19
DE,80+,2021-10-20,2021-10-01,-19 day ahead inc hosp,quantile,0.025,561,COVID-19
DE,00+,2021-10-20,2021-10-02,-18 day ahead inc hosp,quantile,0.025,2509,COVID-19
DE,00-04,2021-10-20,2021-10-02,-18 day ahead inc hosp,quantile,0.025,64,COVID-19
DE,05-14,2021-10-20,2021-10-02,-18 day ahead inc hosp,quantile,0.025,56,COVID-19
DE,15-34,2021-10-20,2021-10-02,-18 day ahead inc hosp,quantile,0.025,369,COVID-19
DE,35-59,2021-10-20,2021-10-02,-18 day ahead inc hosp,quantile,0.025,795,COVID-19
DE,60-79,2021-10-20,2021-10-02,-18 day ahead inc hosp,quantile,0.025,622,COVID-19
DE,80+,2021-10-20,2021-10-02,-18 day ahead inc hosp,quantile,0.025,577,COVID-19
DE,00+,2021-10-20,2021-10-03,-17 day ahead inc hosp,quantile,0.025,2512,COVID-19
DE,00-04,2021-10-20,2021-10-03,-17 day ahead inc hosp,quantile,0.025,64,COVID-19
DE,05-14,2021-10-20,2021-10-03,-17 day ahead inc hosp,quantile,0.025,55,COVID-19
DE,15-34,2021-10-20,2021-10-03,-17 day ahead inc hosp,quantile,0.025,379,COVID-19
DE,35-59,2021-10-20,2021-10-03,-17 day ahead inc hosp,quantile,0.025,773,COVID-19
DE,60-79,2021-10-20,2021-10-03,-17 day ahead inc hosp,quantile,0.025,638,COVID-19
DE,80+,2021-10-20,2021-10-03,-17 day ahead inc hosp,quantile,0.025,573,COVID-19
DE,00+,2021-10-20,2021-10-04,-16 day ahead inc hosp,quantile,0.025,2505,COVID-19
DE,00-04,2021-10-20,2021-10-04,-16 day ahead inc hosp,quantile,0.025,64,COVID-19
DE,05-14,2021-10-20,2021-10-04,-16 day ahead inc hosp,quantile,0.025,53,COVID-19
DE,15-34,2021-10-20,2021-10-04,-16 day ahead inc hosp,quantile,0.025,379,COVID-19
DE,35-59,2021-10-20,2021-10-04,-16 day ahead inc hosp,quantile,0.025,777,COVID-19
DE,60-79,2021-10-20,2021-10-04,-16 day ahead inc hosp,quantile,0.025,635,COVID-19
DE,80+,2021-10-20,2021-10-04,-16 day ahead inc hosp,quantile,0.025,568,COVID-19
DE,00+,2021-10-20,2021-10-05,-15 day ahead inc hosp,quantile,0.025,2461.975,COVID-19
DE,00-04,2021-10-20,2021-10-05,-15 day ahead inc hosp,quantile,0.025,68,COVID-19
DE,05-14,2021-10-20,2021-10-05,-15 day ahead inc hosp,quantile,0.025,46,COVID-19
DE,15-34,2021-10-20,2021-10-05,-15 day ahead inc hosp,quantile,0.025,365,COVID-19
DE,35-59,2021-10-20,2021-10-05,-15 day ahead inc hosp,quantile,0.025,767,COVID-19
DE,60-79,2021-10-20,2021-10-05,-15 day ahead inc hosp,quantile,0.025,639,COVID-19
DE,80+,2021-10-20,2021-10-05,-15 day ahead inc hosp,quantile,0.025,550,COVID-19
DE,00+,2021-10-20,2021-10-06,-14 day ahead inc hosp,quantile,0.025,2354,COVID-19
DE,00-04,2021-10-20,2021-10-06,-14 day ahead inc hosp,quantile,0.025,59,COVID-19
DE,05-14,2021-10-20,2021-10-06,-14 day ahead inc hosp,quantile,0.025,44,COVID-19
DE,15-34,2021-10-20,2021-10-06,-14 day ahead inc hosp,quantile,0.025,317,COVID-19
DE,35-59,2021-10-20,2021-10-06,-14 day ahead inc hosp,quantile,0.025,730,COVID-19
DE,60-79,2021-10-20,2021-10-06,-14 day ahead inc hosp,quantile,0.025,639,COVID-19
DE,80+,2021-10-20,2021-10-06,-14 day ahead inc hosp,quantile,0.025,551,COVID-19
DE,00+,2021-10-20,2021-10-07,-13 day ahead inc hosp,quantile,0.025,2364,COVID-19
DE,00-04,2021-10-20,2021-10-07,-13 day ahead inc hosp,quantile,0.025,53,COVID-19
DE,05-14,2021-10-20,2021-10-07,-13 day ahead inc hosp,quantile,0.025,42,COVID-19
DE,15-34,2021-10-20,2021-10-07,-13 day ahead inc hosp,quantile,0.025,310,COVID-19
DE,35-59,2021-10-20,2021-10-07,-13 day ahead inc hosp,quantile,0.025,710,COVID-19
DE,60-79,2021-10-20,2021-10-07,-13 day ahead inc hosp,quantile,0.025,671,COVID-19
DE,80+,2021-10-20,2021-10-07,-13 day ahead inc hosp,quantile,0.025,564,COVID-19
DE,00+,2021-10-20,2021-10-08,-12 day ahead inc hosp,quantile,0.025,2437,COVID-19
DE,00-04,2021-10-20,2021-10-08,-12 day ahead inc hosp,quantile,0.025,47,COVID-19
DE,05-14,2021-10-20,2021-10-08,-12 day ahead inc hosp,quantile,0.025,42,COVID-19
DE,15-34,2021-10-20,2021-10-08,-12 day ahead inc hosp,quantile,0.025,301,COVID-19
DE,35-59,2021-10-20,2021-10-08,-12 day ahead inc hosp,quantile,0.025,724,COVID-19
DE,60-79,2021-10-20,2021-10-08,-12 day ahead inc hosp,quantile,0.025,716,COVID-19
DE,80+,2021-10-20,2021-10-08,-12 day ahead inc hosp,quantile,0.025,587,COVID-19
DE,00+,2021-10-20,2021-10-09,-11 day ahead inc hosp,quantile,0.025,2523,COVID-19
DE,00-04,2021-10-20,2021-10-09,-11 day ahead inc hosp,quantile,0.025,43,COVID-19
DE,05-14,2021-10-20,2021-10-09,-11 day ahead inc hosp,quantile,0.025,44,COVID-19
DE,15-34,2021-10-20,2021-10-09,-11 day ahead inc hosp,quantile,0.025,312,COVID-19
DE,35-59,2021-10-20,2021-10-09,-11 day ahead inc hosp,quantile,0.025,718.975,COVID-19
DE,60-79,2021-10-20,2021-10-09,-11 day ahead inc hosp,quantile,0.025,763.975,COVID-19
DE,80+,2021-10-20,2021-10-09,-11 day ahead inc hosp,quantile,0.025,595,COVID-19
DE,00+,2021-10-20,2021-10-10,-10 day ahead inc hosp,quantile,0.025,2552,COVID-19
DE,00-04,2021-10-20,2021-10-10,-10 day ahead inc hosp,quantile,0.025,47,COVID-19
DE,05-14,2021-10-20,2021-10-10,-10 day ahead inc hosp,quantile,0.025,45,COVID-19
DE,15-34,2021-10-20,2021-10-10,-10 day ahead inc hosp,quantile,0.025,303,COVID-19
DE,35-59,2021-10-20,2021-10-10,-10 day ahead inc hosp,quantile,0.025,744,COVID-19
DE,60-79,2021-10-20,2021-10-10,-10 day ahead inc hosp,quantile,0.025,765,COVID-19
DE,80+,2021-10-20,2021-10-10,-10 day ahead inc hosp,quantile,0.025,606,COVID-19
DE,00+,2021-10-20,2021-10-11,-9 day ahead inc hosp,quantile,0.025,2584,COVID-19
DE,00-04,2021-10-20,2021-10-11,-9 day ahead inc hosp,quantile,0.025,47,COVID-19
DE,05-14,2021-10-20,2021-10-11,-9 day ahead inc hosp,quantile,0.025,44,COVID-19
DE,15-34,2021-10-20,2021-10-11,-9 day ahead inc hosp,quantile,0.025,298,COVID-19
DE,35-59,2021-10-20,2021-10-11,-9 day ahead inc hosp,quantile,0.025,739,COVID-19
DE,60-79,2021-10-20,2021-10-11,-9 day ahead inc hosp,quantile,0.025,783,COVID-19
DE,80+,2021-10-20,2021-10-11,-9 day ahead inc hosp,quantile,0.025,628.975,COVID-19
DE,00+,2021-10-20,2021-10-12,-8 day ahead inc hosp,quantile,0.025,2663.975,COVID-19
DE,00-04,2021-10-20,2021-10-12,-8 day ahead inc hosp,quantile,0.025,44,COVID-19
DE,05-14,2021-10-20,2021-10-12,-8 day ahead inc hosp,quantile,0.025,48,COVID-19
DE,15-34,2021-10-20,2021-10-12,-8 day ahead inc hosp,quantile,0.025,321,COVID-19
DE,35-59,2021-10-20,2021-10-12,-8 day ahead inc hosp,quantile,0.025,744,COVID-19
DE,60-79,2021-10-20,2021-10-12,-8 day ahead inc hosp,quantile,0.025,791,COVID-19
DE,80+,2021-10-20,2021-10-12,-8 day ahead inc hosp,quantile,0.025,666.975,COVID-19
DE,00+,2021-10-20,2021-10-13,-7 day ahead inc hosp,quantile,0.025,2711.975,COVID-19
DE,00-04,2021-10-20,2021-10-13,-7 day ahead inc hosp,quantile,0.025,51,COVID-19
DE,05-14,2021-10-20,2021-10-13,-7 day ahead inc hosp,quantile,0.025,48,COVID-19
DE,15-34,2021-10-20,2021-10-13,-7 day ahead inc hosp,quantile,0.025,330,COVID-19
DE,35-59,2021-10-20,2021-10-13,-7 day ahead inc hosp,quantile,0.025,737,COVID-19
DE,60-79,2021-10-20,2021-10-13,-7 day ahead inc hosp,quantile,0.025,816,COVID-19
DE,80+,2021-10-20,2021-10-13,-7 day ahead inc hosp,quantile,0.025,659,COVID-19
DE,00+,2021-10-20,2021-10-14,-6 day ahead inc hosp,quantile,0.025,2682,COVID-19
DE,00-04,2021-10-20,2021-10-14,-6 day ahead inc hosp,quantile,0.025,50,COVID-19
DE,05-14,2021-10-20,2021-10-14,-6 day ahead inc hosp,quantile,0.025,48,COVID-19
DE,15-34,2021-10-20,2021-10-14,-6 day ahead inc hosp,quantile,0.025,337,COVID-19
DE,35-59,2021-10-20,2021-10-14,-6 day ahead inc hosp,quantile,0.025,727,COVID-19
DE,60-79,2021-10-20,2021-10-14,-6 day ahead inc hosp,quantile,0.025,799,COVID-19
DE,80+,2021-10-20,2021-10-14,-6 day ahead inc hosp,quantile,0.025,648,COVID-19
DE,00+,2021-10-20,2021-10-15,-5 day ahead inc hosp,quantile,0.025,2671,COVID-19
DE,00-04,2021-10-20,2021-10-15,-5 day ahead inc hosp,quantile,0.025,53,COVID-19
DE,05-14,2021-10-20,2021-10-15,-5 day ahead inc hosp,quantile,0.025,46,COVID-19
DE,15-34,2021-10-20,2021-10-15,-5 day ahead inc hosp,quantile,0.025,352,COVID-19
DE,35-59,2021-10-20,2021-10-15,-5 day ahead inc hosp,quantile,0.025,696,COVID-19
DE,60-79,2021-10-20,2021-10-15,-5 day ahead inc hosp,quantile,0.025,791.975,COVID-19
DE,80+,2021-10-20,2021-10-15,-5 day ahead inc hosp,quantile,0.025,632.975,COVID-19
DE,00+,2021-10-20,2021-10-16,-4 day ahead inc hosp,quantile,0.025,2597.975,COVID-19
DE,00-04,2021-10-20,2021-10-16,-4 day ahead inc hosp,quantile,0.025,48,COVID-19
DE,05-14,2021-10-20,2021-10-16,-4 day ahead inc hosp,quantile,0.025,45,COVID-19
DE,15-34,2021-10-20,2021-10-16,-4 day ahead inc hosp,quantile,0.025,332,COVID-19
DE,35-59,2021-10-20,2021-10-16,-4 day ahead inc hosp,quantile,0.025,654,COVID-19
DE,60-79,2021-10-20,2021-10-16,-4 day ahead inc hosp,quantile,0.025,761,COVID-19
DE,80+,2021-10-20,2021-10-16,-4 day ahead inc hosp,quantile,0.025,648,COVID-19
DE,00+,2021-10-20,2021-10-17,-3 day ahead inc hosp,quantile,0.025,2559,COVID-19
DE,00-04,2021-10-20,2021-10-17,-3 day ahead inc hosp,quantile,0.025,42,COVID-19
DE,05-14,2021-10-20,2021-10-17,-3 day ahead inc hosp,quantile,0.025,48,COVID-19
DE,15-34,2021-10-20,2021-10-17,-3 day ahead inc hosp,quantile,0.025,327,COVID-19
DE,35-59,2021-10-20,2021-10-17,-3 day ahead inc hosp,quantile,0.025,630,COVID-19
DE,60-79,2021-10-20,2021-10-17,-3 day ahead inc hosp,quantile,0.025,747,COVID-19
DE,80+,2021-10-20,2021-10-17,-3 day ahead inc hosp,quantile,0.025,649.975,COVID-19
DE,00+,2021-10-20,2021-10-18,-2 day ahead inc hosp,quantile,0.025,2566.975,COVID-19
DE,00-04,2021-10-20,2021-10-18,-2 day ahead inc hosp,quantile,0.025,42,COVID-19
DE,05-14,2021-10-20,2021-10-18,-2 day ahead inc hosp,quantile,0.025,45,COVID-19
DE,15-34,2021-10-20,2021-10-18,-2 day ahead inc hosp,quantile,0.025,327.975,COVID-19
DE,35-59,2021-10-20,2021-10-18,-2 day ahead inc hosp,quantile,0.025,632,COVID-19
DE,60-79,2021-10-20,2021-10-18,-2 day ahead inc hosp,quantile,0.025,743,COVID-19
DE,80+,2021-10-20,2021-10-18,-2 day ahead inc hosp,quantile,0.025,659.975,COVID-19
DE,00+,2021-10-20,2021-10-19,-1 day ahead inc hosp,quantile,0.025,2608.95,COVID-19
DE,00-04,2021-10-20,2021-10-19,-1 day ahead inc hosp,quantile,0.025,38,COVID-19
DE,05-14,2021-10-20,2021-10-19,-1 day ahead inc hosp,quantile,0.025,47,COVID-19
DE,15-34,2021-10-20,2021-10-19,-1 day ahead inc hosp,quantile,0.025,309,COVID-19
DE,35-59,2021-10-20,2021-10-19,-1 day ahead inc hosp,quantile,0.025,613,COVID-19
DE,60-79,2021-10-20,2021-10-19,-1 day ahead inc hosp,quantile,0.025,759,COVID-19
DE,80+,2021-10-20,2021-10-19,-1 day ahead inc hosp,quantile,0.025,676,COVID-19
DE,00+,2021-10-20,2021-10-20,0 day ahead inc hosp,quantile,0.025,2491.95,COVID-19
DE,00-04,2021-10-20,2021-10-20,0 day ahead inc hosp,quantile,0.025,34,COVID-19
DE,05-14,2021-10-20,2021-10-20,0 day ahead inc hosp,quantile,0.025,42,COVID-19
DE,15-34,2021-10-20,2021-10-20,0 day ahead inc hosp,quantile,0.025,304,COVID-19
DE,35-59,2021-10-20,2021-10-20,0 day ahead inc hosp,quantile,0.025,556,COVID-19
DE,60-79,2021-10-20,2021-10-20,0 day ahead inc hosp,quantile,0.025,695.975,COVID-19
DE,80+,2021-10-20,2021-10-20,0 day ahead inc hosp,quantile,0.025,667.975,COVID-19
DE,00+,2021-10-20,2021-09-22,-28 day ahead inc hosp,quantile,0.25,2531,COVID-19
DE,00-04,2021-10-20,2021-09-22,-28 day ahead inc hosp,quantile,0.25,68,COVID-19
DE,05-14,2021-10-20,2021-09-22,-28 day ahead inc hosp,quantile,0.25,56,COVID-19
DE,15-34,2021-10-20,2021-09-22,-28 day ahead inc hosp,quantile,0.25,413,COVID-19
DE,35-59,2021-10-20,2021-09-22,-28 day ahead inc hosp,quantile,0.25,859,COVID-19
DE,60-79,2021-10-20,2021-09-22,-28 day ahead inc hosp,quantile,0.25,673,COVID-19
DE,80+,2021-10-20,2021-09-22,-28 day ahead inc hosp,quantile,0.25,458,COVID-19
DE,00+,2021-10-20,2021-09-23,-27 day ahead inc hosp,quantile,0.25,2471,COVID-19
DE,00-04,2021-10-20,2021-09-23,-27 day ahead inc hosp,quantile,0.25,70,COVID-19
DE,05-14,2021-10-20,2021-09-23,-27 day ahead inc hosp,quantile,0.25,57,COVID-19
DE,15-34,2021-10-20,2021-09-23,-27 day ahead inc hosp,quantile,0.25,403,COVID-19
DE,35-59,2021-10-20,2021-09-23,-27 day ahead inc hosp,quantile,0.25,817,COVID-19
DE,60-79,2021-10-20,2021-09-23,-27 day ahead inc hosp,quantile,0.25,678,COVID-19
DE,80+,2021-10-20,2021-09-23,-27 day ahead inc hosp,quantile,0.25,441,COVID-19
DE,00+,2021-10-20,2021-09-24,-26 day ahead inc hosp,quantile,0.25,2479,COVID-19
DE,00-04,2021-10-20,2021-09-24,-26 day ahead inc hosp,quantile,0.25,72,COVID-19
DE,05-14,2021-10-20,2021-09-24,-26 day ahead inc hosp,quantile,0.25,60,COVID-19
DE,15-34,2021-10-20,2021-09-24,-26 day ahead inc hosp,quantile,0.25,410,COVID-19
DE,35-59,2021-10-20,2021-09-24,-26 day ahead inc hosp,quantile,0.25,823,COVID-19
DE,60-79,2021-10-20,2021-09-24,-26 day ahead inc hosp,quantile,0.25,654,COVID-19
DE,80+,2021-10-20,2021-09-24,-26 day ahead inc hosp,quantile,0.25,454,COVID-19
DE,00+,2021-10-20,2021-09-25,-25 day ahead inc hosp,quantile,0.25,2460,COVID-19
DE,00-04,2021-10-20,2021-09-25,-25 day ahead inc hosp,quantile,0.25,75,COVID-19
DE,05-14,2021-10-20,2021-09-25,-25 day ahead inc hosp,quantile,0.25,55,COVID-19
DE,15-34,2021-10-20,2021-09-25,-25 day ahead inc hosp,quantile,0.25,402,COVID-19
DE,35-59,2021-10-20,2021-09-25,-25 day ahead inc hosp,quantile,0.25,840,COVID-19
DE,60-79,2021-10-20,2021-09-25,-25 day ahead inc hosp,quantile,0.25,640,COVID-19
DE,80+,2021-10-20,2021-09-25,-25 day ahead inc hosp,quantile,0.25,443,COVID-19
DE,00+,2021-10-20,2021-09-26,-24 day ahead inc hosp,quantile,0.25,2433,COVID-19
DE,00-04,2021-10-20,2021-09-26,-24 day ahead inc hosp,quantile,0.25,73,COVID-19
DE,05-14,2021-10-20,2021-09-26,-24 day ahead inc hosp,quantile,0.25,53,COVID-19
DE,15-34,2021-10-20,2021-09-26,-24 day ahead inc hosp,quantile,0.25,392,COVID-19
DE,35-59,2021-10-20,2021-09-26,-24 day ahead inc hosp,quantile,0.25,809,COVID-19
DE,60-79,2021-10-20,2021-09-26,-24 day ahead inc hosp,quantile,0.25,640,COVID-19
DE,80+,2021-10-20,2021-09-26,-24 day ahead inc hosp,quantile,0.25,458,COVID-19
DE,00+,2021-10-20,2021-09-27,-23 day ahead inc hosp,quantile,0.25,2437,COVID-19
DE,00-04,2021-10-20,2021-09-27,-23 day ahead inc hosp,quantile,0.25,72,COVID-19
DE,05-14,2021-10-20,2021-09-27,-23 day ahead inc hosp,quantile,0.25,57,COVID-19
DE,15-34,2021-10-20,2021-09-27,-23 day ahead inc hosp,quantile,0.25,390,COVID-19
DE,35-59,2021-10-20,2021-09-27,-23 day ahead inc hosp,quantile,0.25,807,COVID-19
DE,60-79,2021-10-20,2021-09-27,-23 day ahead inc hosp,quantile,0.25,644,COVID-19
DE,80+,2021-10-20,2021-09-27,-23 day ahead inc hosp,quantile,0.25,462,COVID-19
DE,00+,2021-10-20,2021-09-28,-22 day ahead inc hosp,quantile,0.25,2465,COVID-19
DE,00-04,2021-10-20,2021-09-28,-22 day ahead inc hosp,quantile,0.25,69,COVID-19
DE,05-14,2021-10-20,2021-09-28,-22 day ahead inc hosp,quantile,0.25,58,COVID-19
DE,15-34,2021-10-20,2021-09-28,-22 day ahead inc hosp,quantile,0.25,387,COVID-19
DE,35-59,2021-10-20,2021-09-28,-22 day ahead inc hosp,quantile,0.25,815,COVID-19
DE,60-79,2021-10-20,2021-09-28,-22 day ahead inc hosp,quantile,0.25,641,COVID-19
DE,80+,2021-10-20,2021-09-28,-22 day ahead inc hosp,quantile,0.25,489,COVID-19
DE,00+,2021-10-20,2021-09-29,-21 day ahead inc hosp,quantile,0.25,2556,COVID-19
DE,00-04,2021-10-20,2021-09-29,-21 day ahead inc hosp,quantile,0.25,74,COVID-19
DE,05-14,2021-10-20,2021-09-29,-21 day ahead inc hosp,quantile,0.25,57,COVID-19
DE,15-34,2021-10-20,2021-09-29,-21 day ahead inc hosp,quantile,0.25,408,COVID-19
DE,35-59,2021-10-20,2021-09-29,-21 day ahead inc hosp,quantile,0.25,834,COVID-19
DE,60-79,2021-10-20,2021-09-29,-21 day ahead inc hosp,quantile,0.25,643,COVID-19
DE,80+,2021-10-20,2021-09-29,-21 day ahead inc hosp,quantile,0.25,531,COVID-19
DE,00+,2021-10-20,2021-09-30,-20 day ahead inc hosp,quantile,0.25,2600,COVID-19
DE,00-04,2021-10-20,2021-09-30,-20 day ahead inc hosp,quantile,0.25,73,COVID-19
DE,05-14,2021-10-20,2021-09-30,-20 day ahead inc hosp,quantile,0.25,56,COVID-19
DE,15-34,2021-10-20,2021-09-30,-20 day ahead inc hosp,quantile,0.25,409,COVID-19
DE,35-59,2021-10-20,2021-09-30,-20 day ahead inc hosp,quantile,0.25,858,COVID-19
DE,60-79,2021-10-20,2021-09-30,-20 day ahead inc hosp,quantile,0.25,631,COVID-19
DE,80+,2021-10-20,2021-09-30,-20 day ahead inc hosp,quantile,0.25,563,COVID-19
DE,00+,2021-10-20,2021-10-01,-19 day ahead inc hosp,quantile,0.25,2538,COVID-19
DE,00-04,2021-10-20,2021-10-01,-19 day ahead inc hosp,quantile,0.25,68,COVID-19
DE,05-14,2021-10-20,2021-10-01,-19 day ahead inc hosp,quantile,0.25,52,COVID-19
DE,15-34,2021-10-20,2021-10-01,-19 day ahead inc hosp,quantile,0.25,389,COVID-19
DE,35-59,2021-10-20,2021-10-01,-19 day ahead inc hosp,quantile,0.25,813,COVID-19
DE,60-79,2021-10-20,2021-10-01,-19 day ahead inc hosp,quantile,0.25,637,COVID-19
DE,80+,2021-10-20,2021-10-01,-19 day ahead inc hosp,quantile,0.25,568,COVID-19
DE,00+,2021-10-20,2021-10-02,-18 day ahead inc hosp,quantile,0.25,2531,COVID-19
DE,00-04,2021-10-20,2021-10-02,-18 day ahead inc hosp,quantile,0.25,66,COVID-19
DE,05-14,2021-10-20,2021-10-02,-18 day ahead inc hosp,quantile,0.25,58,COVID-19
DE,15-34,2021-10-20,2021-10-02,-18 day ahead inc hosp,quantile,0.25,374,COVID-19
DE,35-59,2021-10-20,2021-10-02,-18 day ahead inc hosp,quantile,0.25,806,COVID-19
DE,60-79,2021-10-20,2021-10-02,-18 day ahead inc hosp,quantile,0.25,631,COVID-19
DE,80+,2021-10-20,2021-10-02,-18 day ahead inc hosp,quantile,0.25,585,COVID-19
DE,00+,2021-10-20,2021-10-03,-17 day ahead inc hosp,quantile,0.25,2535,COVID-19
DE,00-04,2021-10-20,2021-10-03,-17 day ahead inc hosp,quantile,0.25,66,COVID-19
DE,05-14,2021-10-20,2021-10-03,-17 day ahead inc hosp,quantile,0.25,57,COVID-19
DE,15-34,2021-10-20,2021-10-03,-17 day ahead inc hosp,quantile,0.25,385,COVID-19
DE,35-59,2021-10-20,2021-10-03,-17 day ahead inc hosp,quantile,0.25,784,COVID-19
DE,60-79,2021-10-20,2021-10-03,-17 day ahead inc hosp,quantile,0.25,646,COVID-19
DE,80+,2021-10-20,2021-10-03,-17 day ahead inc hosp,quantile,0.25,581,COVID-19
DE,00+,2021-10-20,2021-10-04,-16 day ahead inc hosp,quantile,0.25,2529,COVID-19
DE,00-04,2021-10-20,2021-10-04,-16 day ahead inc hosp,quantile,0.25,66,COVID-19
DE,05-14,2021-10-20,2021-10-04,-16 day ahead inc hosp,quantile,0.25,55,COVID-19
DE,15-34,2021-10-20,2021-10-04,-16 day ahead inc hosp,quantile,0.25,385,COVID-19
DE,35-59,2021-10-20,2021-10-04,-16 day ahead inc hosp,quantile,0.25,787,COVID-19
DE,60-79,2021-10-20,2021-10-04,-16 day ahead inc hosp,quantile,0.25,644,COVID-19
DE,80+,2021-10-20,2021-10-04,-16 day ahead inc hosp,quantile,0.25,576,COVID-19
DE,00+,2021-10-20,2021-10-05,-15 day ahead inc hosp,quantile,0.25,2486,COVID-19
DE,00-04,2021-10-20,2021-10-05,-15 day ahead inc hosp,quantile,0.25,71,COVID-19
DE,05-14,2021-10-20,2021-10-05,-15 day ahead inc hosp,quantile,0.25,48,COVID-19
DE,15-34,2021-10-20,2021-10-05,-15 day ahead inc hosp,quantile,0.25,371,COVID-19
DE,35-59,2021-10-20,2021-10-05,-15 day ahead inc hosp,quantile,0.25,779,COVID-19
DE,60-79,2021-10-20,2021-10-05,-15 day ahead inc hosp,quantile,0.25,648,COVID-19
DE,80+,2021-10-20,2021-10-05,-15 day ahead inc hosp,quantile,0.25,558,COVID-19
DE,00+,2021-10-20,2021-10-06,-14 day ahead inc hosp,quantile,0.25,2382,COVID-19
DE,00-04,2021-10-20,2021-10-06,-14 day ahead inc hosp,quantile,0.25,61,COVID-19
DE,05-14,2021-10-20,2021-10-06,-14 day ahead inc hosp,quantile,0.25,46,COVID-19
DE,15-34,2021-10-20,2021-10-06,-14 day ahead inc hosp,quantile,0.25,323,COVID-19
DE,35-59,2021-10-20,2021-10-06,-14 day ahead inc hosp,quantile,0.25,742,COVID-19
DE,60-79,2021-10-20,2021-10-06,-14 day ahead inc hosp,quantile,0.25,650,COVID-19
DE,80+,2021-10-20,2021-10-06,-14 day ahead inc hosp,quantile,0.25,560,COVID-19
DE,00+,2021-10-20,2021-10-07,-13 day ahead inc hosp,quantile,0.25,2395,COVID-19
DE,00-04,2021-10-20,2021-10-07,-13 day ahead inc hosp,quantile,0.25,55,COVID-19
DE,05-14,2021-10-20,2021-10-07,-13 day ahead inc hosp,quantile,0.25,44,COVID-19
DE,15-34,2021-10-20,2021-10-07,-13 day ahead inc hosp,quantile,0.25,318,COVID-19
DE,35-59,2021-10-20,2021-10-07,-13 day ahead inc hosp,quantile,0.25,724,COVID-19
DE,60-79,2021-10-20,2021-10-07,-13 day ahead inc hosp,quantile,0.25,685,COVID-19
DE,80+,2021-10-20,2021-10-07,-13 day ahead inc hosp,quantile,0.25,576,COVID-19
DE,00+,2021-10-20,2021-10-08,-12 day ahead inc hosp,quantile,0.25,2475,COVID-19
DE,00-04,2021-10-20,2021-10-08,-12 day ahead inc hosp,quantile,0.25,50,COVID-19
DE,05-14,2021-10-20,2021-10-08,-12 day ahead inc hosp,quantile,0.25,44,COVID-19
DE,15-34,2021-10-20,2021-10-08,-12 day ahead inc hosp,quantile,0.25,309,COVID-19
DE,35-59,2021-10-20,2021-10-08,-12 day ahead inc hosp,quantile,0.25,740,COVID-19
DE,60-79,2021-10-20,2021-10-08,-12 day ahead inc hosp,quantile,0.25,734,COVID-19
DE,80+,2021-10-20,2021-10-08,-12 day ahead inc hosp,quantile,0.25,601,COVID-19
DE,00+,2021-10-20,2021-10-09,-11 day ahead inc hosp,quantile,0.25,2572,COVID-19
DE,00-04,2021-10-20,2021-10-09,-11 day ahead inc hosp,quantile,0.25,45,COVID-19
DE,05-14,2021-10-20,2021-10-09,-11 day ahead inc hosp,quantile,0.25,47,COVID-19
DE,15-34,2021-10-20,2021-10-09,-11 day ahead inc hosp,quantile,0.25,320,COVID-19
DE,35-59,2021-10-20,2021-10-09,-11 day ahead inc hosp,quantile,0.25,735,COVID-19
DE,60-79,2021-10-20,2021-10-09,-11 day ahead inc hosp,quantile,0.25,783,COVID-19
DE,80+,2021-10-20,2021-10-09,-11 day ahead inc hosp,quantile,0.25,610,COVID-19
DE,00+,2021-10-20,2021-10-10,-10 day ahead inc hosp,quantile,0.25,2604,COVID-19
DE,00-04,2021-10-20,2021-10-10,-10 day ahead inc hosp,quantile,0.25,50,COVID-19
DE,05-14,2021-10-20,2021-10-10,-10 day ahead inc hosp,quantile,0.25,47,COVID-19
DE,15-34,2021-10-20,2021-10-10,-10 day ahead inc hosp,quantile,0.25,313,COVID-19
DE,35-59,2021-10-20,2021-10-10,-10 day ahead inc hosp,quantile,0.25,762,COVID-19
DE,60-79,2021-10-20,2021-10-10,-10 day ahead inc hosp,quantile,0.25,784,COVID-19
DE,80+,2021-10-20,2021-10-10,-10 day ahead inc hosp,quantile,0.25,620,COVID-19
DE,00+,2021-10-20,2021-10-11,-9 day ahead inc hosp,quantile,0.25,2636,COVID-19
DE,00-04,2021-10-20,2021-10-11,-9 day ahead inc hosp,quantile,0.25,50,COVID-19
DE,05-14,2021-10-20,2021-10-11,-9 day ahead inc hosp,quantile,0.25,47,COVID-19
DE,15-34,2021-10-20,2021-10-11,-9 day ahead inc hosp,quantile,0.25,308,COVID-19
DE,35-59,2021-10-20,2021-10-11,-9 day ahead inc hosp,quantile,0.25,758,COVID-19
DE,60-79,2021-10-20,2021-10-11,-9 day ahead inc hosp,quantile,0.25,803,COVID-19
DE,80+,2021-10-20,2021-10-11,-9 day ahead inc hosp,quantile,0.25,644,COVID-19
DE,00+,2021-10-20,2021-10-12,-8 day ahead inc hosp,quantile,0.25,2721,COVID-19
DE,00-04,2021-10-20,2021-10-12,-8 day ahead inc hosp,quantile,0.25,47,COVID-19
DE,05-14,2021-10-20,2021-10-12,-8 day ahead inc hosp,quantile,0.25,51,COVID-19
DE,15-34,2021-10-20,2021-10-12,-8 day ahead inc hosp,quantile,0.25,331,COVID-19
DE,35-59,2021-10-20,2021-10-12,-8 day ahead inc hosp,quantile,0.25,763.75,COVID-19
DE,60-79,2021-10-20,2021-10-12,-8 day ahead inc hosp,quantile,0.25,813,COVID-19
DE,80+,2021-10-20,2021-10-12,-8 day ahead inc hosp,quantile,0.25,684,COVID-19
DE,00+,2021-10-20,2021-10-13,-7 day ahead inc hosp,quantile,0.25,2772,COVID-19
DE,00-04,2021-10-20,2021-10-13,-7 day ahead inc hosp,quantile,0.25,54,COVID-19
DE,05-14,2021-10-20,2021-10-13,-7 day ahead inc hosp,quantile,0.25,52,COVID-19
DE,15-34,2021-10-20,2021-10-13,-7 day ahead inc hosp,quantile,0.25,342,COVID-19
DE,35-59,2021-10-20,2021-10-13,-7 day ahead inc hosp,quantile,0.25,758,COVID-19
DE,60-79,2021-10-20,2021-10-13,-7 day ahead inc hosp,quantile,0.25,839,COVID-19
DE,80+,2021-10-20,2021-10-13,-7 day ahead inc hosp,quantile,0.25,678,COVID-19
DE,00+,2021-10-20,2021-10-14,-6 day ahead inc hosp,quantile,0.25,2746,COVID-19
DE,00-04,2021-10-20,2021-10-14,-6 day ahead inc hosp,quantile,0.25,54,COVID-19
DE,05-14,2021-10-20,2021-10-14,-6 day ahead inc hosp,quantile,0.25,51,COVID-19
DE,15-34,2021-10-20,2021-10-14,-6 day ahead inc hosp,quantile,0.25,350,COVID-19
DE,35-59,2021-10-20,2021-10-14,-6 day ahead inc hosp,quantile,0.25,750,COVID-19
DE,60-79,2021-10-20,2021-10-14,-6 day ahead inc hosp,quantile,0.25,822,COVID-19
DE,80+,2021-10-20,2021-10-14,-6 day ahead inc hosp,quantile,0.25,667,COVID-19
DE,00+,2021-10-20,2021-10-15,-5 day ahead inc hosp,quantile,0.25,2739,COVID-19
DE,00-04,2021-10-20,2021-10-15,-5 day ahead inc hosp,quantile,0.25,57,COVID-19
DE,05-14,2021-10-20,2021-10-15,-5 day ahead inc hosp,quantile,0.25,49,COVID-19
DE,15-34,2021-10-20,2021-10-15,-5 day ahead inc hosp,quantile,0.25,367,COVID-19
DE,35-59,2021-10-20,2021-10-15,-5 day ahead inc hosp,quantile,0.25,720,COVID-19
DE,60-79,2021-10-20,2021-10-15,-5 day ahead inc hosp,quantile,0.25,817,COVID-19
DE,80+,2021-10-20,2021-10-15,-5 day ahead inc hosp,quantile,0.25,654,COVID-19
DE,00+,2021-10-20,2021-10-16,-4 day ahead inc hosp,quantile,0.25,2689,COVID-19
DE,00-04,2021-10-20,2021-10-16,-4 day ahead inc hosp,quantile,0.25,51,COVID-19
DE,05-14,2021-10-20,2021-10-16,-4 day ahead inc hosp,quantile,0.25,48,COVID-19
DE,15-34,2021-10-20,2021-10-16,-4 day ahead inc hosp,quantile,0.25,346,COVID-19
DE,35-59,2021-10-20,2021-10-16,-4 day ahead inc hosp,quantile,0.25,677,COVID-19
DE,60-79,2021-10-20,2021-10-16,-4 day ahead inc hosp,quantile,0.25,786,COVID-19
DE,80+,2021-10-20,2021-10-16,-4 day ahead inc hosp,quantile,0.25,671,COVID-19
DE,00+,2021-10-20,2021-10-17,-3 day ahead inc hosp,quantile,0.25,2649,COVID-19
DE,00-04,2021-10-20,2021-10-17,-3 day ahead inc hosp,quantile,0.25,45,COVID-19
DE,05-14,2021-10-20,2021-10-17,-3 day ahead inc hosp,quantile,0.25,52,COVID-19
DE,15-34,2021-10-20,2021-10-17,-3 day ahead inc hosp,quantile,0.25,341,COVID-19
DE,35-59,2021-10-20,2021-10-17,-3 day ahead inc hosp,quantile,0.25,655,COVID-19
DE,60-79,2021-10-20,2021-10-17,-3 day ahead inc hosp,quantile,0.25,773,COVID-19
DE,80+,2021-10-20,2021-10-17,-3 day ahead inc hosp,quantile,0.25,673,COVID-19
DE,00+,2021-10-20,2021-10-18,-2 day ahead inc hosp,quantile,0.25,2665,COVID-19
DE,00-04,2021-10-20,2021-10-18,-2 day ahead inc hosp,quantile,0.25,46,COVID-19
DE,05-14,2021-10-20,2021-10-18,-2 day ahead inc hosp,quantile,0.25,49,COVID-19
DE,15-34,2021-10-20,2021-10-18,-2 day ahead inc hosp,quantile,0.25,343,COVID-19
DE,35-59,2021-10-20,2021-10-18,-2 day ahead inc hosp,quantile,0.25,660,COVID-19
DE,60-79,2021-10-20,2021-10-18,-2 day ahead inc hosp,quantile,0.25,773,COVID-19
DE,80+,2021-10-20,2021-10-18,-2 day ahead inc hosp,quantile,0.25,687,COVID-19
DE,00+,2021-10-20,2021-10-19,-1 day ahead inc hosp,quantile,0.25,2729,COVID-19
DE,00-04,2021-10-20,2021-10-19,-1 day ahead inc hosp,quantile,0.25,42,COVID-19
DE,05-14,2021-10-20,2021-10-19,-1 day ahead inc hosp,quantile,0.25,50,COVID-19
DE,15-34,2021-10-20,2021-10-19,-1 day ahead inc hosp,quantile,0.25,325,COVID-19
DE,35-59,2021-10-20,2021-10-19,-1 day ahead inc hosp,quantile,0.25,643,COVID-19
DE,60-79,2021-10-20,2021-10-19,-1 day ahead inc hosp,quantile,0.25,792,COVID-19
DE,80+,2021-10-20,2021-10-19,-1 day ahead inc hosp,quantile,0.25,709,COVID-19
DE,00+,2021-10-20,2021-10-20,0 day ahead inc hosp,quantile,0.25,2641,COVID-19
DE,00-04,2021-10-20,2021-10-20,0 day ahead inc hosp,quantile,0.25,38,COVID-19
DE,05-14,2021-10-20,2021-10-20,0 day ahead inc hosp,quantile,0.25,47,COVID-19
DE,15-34,2021-10-20,2021-10-20,0 day ahead inc hosp,quantile,0.25,323,COVID-19
DE,35-59,2021-10-20,2021-10-20,0 day ahead inc hosp,quantile,0.25,587,COVID-19
DE,60-79,2021-10-20,2021-10-20,0 day ahead inc hosp,quantile,0.25,735,COVID-19
DE,80+,2021-10-20,2021-10-20,0 day ahead inc hosp,quantile,0.25,706,COVID-19
DE,00+,2021-10-20,2021-09-22,-28 day ahead inc hosp,mean,,2536,COVID-19
DE,00-04,2021-10-20,2021-09-22,-28 day ahead inc hosp,mean,,69,COVID-19
DE,05-14,2021-10-20,2021-09-22,-28 day ahead inc hosp,mean,,56,COVID-19
DE,15-34,2021-10-20,2021-09-22,-28 day ahead inc hosp,mean,,415,COVID-19
DE,35-59,2021-10-20,2021-09-22,-28 day ahead inc hosp,mean,,861,COVID-19
DE,60-79,2021-10-20,2021-09-22,-28 day ahead inc hosp,mean,,675,COVID-19
DE,80+,2021-10-20,2021-09-22,-28 day ahead inc hosp,mean,,459,COVID-19
DE,00+,2021-10-20,2021-09-23,-27 day ahead inc hosp,mean,,2477,COVID-19
DE,00-04,2021-10-20,2021-09-23,-27 day ahead inc hosp,mean,,71,COVID-19
DE,05-14,2021-10-20,2021-09-23,-27 day ahead inc hosp,mean,,58,COVID-19
DE,15-34,2021-10-20,2021-09-23,-27 day ahead inc hosp,mean,,405,COVID-19
DE,35-59,2021-10-20,2021-09-23,-27 day ahead inc hosp,mean,,820,COVID-19
DE,60-79,2021-10-20,2021-09-23,-27 day ahead inc hosp,mean,,680,COVID-19
DE,80+,2021-10-20,2021-09-23,-27 day ahead inc hosp,mean,,442,COVID-19
DE,00+,2021-10-20,2021-09-24,-26 day ahead inc hosp,mean,,2484,COVID-19
DE,00-04,2021-10-20,2021-09-24,-26 day ahead inc hosp,mean,,73,COVID-19
DE,05-14,2021-10-20,2021-09-24,-26 day ahead inc hosp,mean,,61,COVID-19
DE,15-34,2021-10-20,2021-09-24,-26 day ahead inc hosp,mean,,411,COVID-19
DE,35-59,2021-10-20,2021-09-24,-26 day ahead inc hosp,mean,,826,COVID-19
DE,60-79,2021-10-20,2021-09-24,-26 day ahead inc hosp,mean,,656,COVID-19
DE,80+,2021-10-20,2021-09-24,-26 day ahead inc hosp,mean,,456,COVID-19
DE,00+,2021-10-20,2021-09-25,-25 day ahead inc hosp,mean,,2466,COVID-19
DE,00-04,2021-10-20,2021-09-25,-25 day ahead inc hosp,mean,,75,COVID-19
DE,05-14,2021-10-20,2021-09-25,-25 day ahead inc hosp,mean,,56,COVID-19
DE,15-34,2021-10-20,2021-09-25,-25 day ahead inc hosp,mean,,404,COVID-19
DE,35-59,2021-10-20,2021-09-25,-25 day ahead inc hosp,mean,,843,COVID-19
DE,60-79,2021-10-20,2021-09-25,-25 day ahead inc hosp,mean,,642,COVID-19
DE,80+,2021-10-20,2021-09-25,-25 day ahead inc hosp,mean,,445,COVID-19
DE,00+,2021-10-20,2021-09-26,-24 day ahead inc hosp,mean,,2439,COVID-19
DE,00-04,2021-10-20,2021-09-26,-24 day ahead inc hosp,mean,,73,COVID-19
DE,05-14,2021-10-20,2021-09-26,-24 day ahead inc hosp,mean,,54,COVID-19
DE,15-34,2021-10-20,2021-09-26,-24 day ahead inc hosp,mean,,394,COVID-19
DE,35-59,2021-10-20,2021-09-26,-24 day ahead inc hosp,mean,,813,COVID-19
DE,60-79,2021-10-20,2021-09-26,-24 day ahead inc hosp,mean,,643,COVID-19
DE,80+,2021-10-20,2021-09-26,-24 day ahead inc hosp,mean,,460,COVID-19
DE,00+,2021-10-20,2021-09-27,-23 day ahead inc hosp,mean,,2444,COVID-19
DE,00-04,2021-10-20,2021-09-27,-23 day ahead inc hosp,mean,,73,COVID-19
DE,05-14,2021-10-20,2021-09-27,-23 day ahead inc hosp,mean,,57,COVID-19
DE,15-34,2021-10-20,2021-09-27,-23 day ahead inc hosp,mean,,392,COVID-19
DE,35-59,2021-10-20,2021-09-27,-23 day ahead inc hosp,mean,,810,COVID-19
DE,60-79,2021-10-20,2021-09-27,-23 day ahead inc hosp,mean,,647,COVID-19
DE,80+,2021-10-20,2021-09-27,-23 day ahead inc hosp,mean,,465,COVID-19
DE,00+,2021-10-20,2021-09-28,-22 day ahead inc hosp,mean,,2472,COVID-19
DE,00-04,2021-10-20,2021-09-28,-22 day ahead inc hosp,mean,,70,COVID-19
DE,05-14,2021-10-20,2021-09-28,-22 day ahead inc hosp,mean,,58,COVID-19
DE,15-34,2021-10-20,2021-09-28,-22 day ahead inc hosp,mean,,389,COVID-19
DE,35-59,2021-10-20,2021-09-28,-22 day ahead inc hosp,mean,,819,COVID-19
DE,60-79,2021-10-20,2021-09-28,-22 day ahead inc hosp,mean,,645,COVID-19
DE,80+,2021-10-20,2021-09-28,-22 day ahead inc hosp,mean,,492,COVID-19
DE,00+,2021-10-20,2021-09-29,-21 day ahead inc hosp,mean,,2565,COVID-19
DE,00-04,2021-10-20,2021-09-29,-21 day ahead inc hosp,mean,,75,COVID-19
DE,05-14,2021-10-20,2021-09-29,-21 day ahead inc hosp,mean,,58,COVID-19
DE,15-34,2021-10-20,2021-09-29,-21 day ahead inc hosp,mean,,411,COVID-19
DE,35-59,2021-10-20,2021-09-29,-21 day ahead inc hosp,mean,,839,COVID-19
DE,60-79,2021-10-20,2021-09-29,-21 day ahead inc hosp,mean,,647,COVID-19
DE,80+,2021-10-20,2021-09-29,-21 day ahead inc hosp,mean,,534,COVID-19
DE,00+,2021-10-20,2021-09-30,-20 day ahead inc hosp,mean,,2610,COVID-19
DE,00-04,2021-10-20,2021-09-30,-20 day ahead inc hosp,mean,,74,COVID-19
DE,05-14,2021-10-20,2021-09-30,-20 day ahead inc hosp,mean,,57,COVID-19
DE,15-34,2021-10-20,2021-09-30,-20 day ahead inc hosp,mean,,411,COVID-19
DE,35-59,2021-10-20,2021-09-30,-20 day ahead inc hosp,mean,,863,COVID-19
DE,60-79,2021-10-20,2021-09-30,-20 day ahead inc hosp,mean,,635,COVID-19
DE,80+,2021-10-20,2021-09-30,-20 day ahead inc hosp,mean,,566,COVID-19
DE,00+,2021-10-20,2021-10-01,-19 day ahead inc hosp,mean,,2549,COVID-19
DE,00-04,2021-10-20,2021-10-01,-19 day ahead inc hosp,mean,,69,COVID-19
DE,05-14,2021-10-20,2021-10-01,-19 day ahead inc hosp,mean,,53,COVID-19
DE,15-34,2021-10-20,2021-10-01,-19 day ahead inc hosp,mean,,392,COVID-19
DE,35-59,2021-10-20,2021-10-01,-19 day ahead inc hosp,mean,,817,COVID-19
DE,60-79,2021-10-20,2021-10-01,-19 day ahead inc hosp,mean,,641,COVID-19
DE,80+,2021-10-20,2021-10-01,-19 day ahead inc hosp,mean,,572,COVID-19
DE,00+,2021-10-20,2021-10-02,-18 day ahead inc hosp,mean,,2543,COVID-19
DE,00-04,2021-10-20,2021-10-02,-18 day ahead inc hosp,mean,,67,COVID-19
DE,05-14,2021-10-20,2021-10-02,-18 day ahead inc hosp,mean,,59,COVID-19
DE,15-34,2021-10-20,2021-10-02,-18 day ahead inc hosp,mean,,378,COVID-19
DE,35-59,2021-10-20,2021-10-02,-18 day ahead inc hosp,mean,,811,COVID-19
DE,60-79,2021-10-20,2021-10-02,-18 day ahead inc hosp,mean,,635,COVID-19
DE,80+,2021-10-20,2021-10-02,-18 day ahead inc hosp,mean,,588,COVID-19
DE,00+,2021-10-20,2021-10-03,-17 day ahead inc hosp,mean,,2548,COVID-19
DE,00-04,2021-10-20,2021-10-03,-17 day ahead inc hosp,mean,,68,COVID-19
DE,05-14,2021-10-20,2021-10-03,-17 day ahead inc hosp,mean,,58,COVID-19
DE,15-34,2021-10-20,2021-10-03,-17 day ahead inc hosp,mean,,388,COVID-19
DE,35-59,2021-10-20,2021-10-03,-17 day ahead inc hosp,mean,,789,COVID-19
DE,60-79,2021-10-20,2021-10-03,-17 day ahead inc hosp,mean,,651,COVID-19
DE,80+,2021-10-20,2021-10-03,-17 day ahead inc hosp,mean,,585,COVID-19
DE,00+,2021-10-20,2021-10-04,-16 day ahead inc hosp,mean,,2542,COVID-19
DE,00-04,2021-10-20,2021-10-04,-16 day ahead inc hosp,mean,,68,COVID-19
DE,05-14,2021-10-20,2021-10-04,-16 day ahead inc hosp,mean,,56,COVID-19
DE,15-34,2021-10-20,2021-10-04,-16 day ahead inc hosp,mean,,388,COVID-19
DE,35-59,2021-10-20,2021-10-04,-16 day ahead inc hosp,mean,,793,COVID-19
DE,60-79,2021-10-20,2021-10-04,-16 day ahead inc hosp,mean,,649,COVID-19
DE,80+,2021-10-20,2021-10-04,-16 day ahead inc hosp,mean,,580,COVID-19
DE,00+,2021-10-20,2021-10-05,-15 day ahead inc hosp,mean,,2498,COVID-19
DE,00-04,2021-10-20,2021-10-05,-15 day ahead inc hosp,mean,,72,COVID-19
DE,05-14,2021-10-20,2021-10-05,-15 day ahead inc hosp,mean,,49,COVID-19
DE,15-34,2021-10-20,2021-10-05,-15 day ahead inc hosp,mean,,374,COVID-19
DE,35-59,2021-10-20,2021-10-05,-15 day ahead inc hosp,mean,,784,COVID-19
DE,60-79,2021-10-20,2021-10-05,-15 day ahead inc hosp,mean,,653,COVID-19
DE,80+,2021-10-20,2021-10-05,-15 day ahead inc hosp,mean,,562,COVID-19
DE,00+,2021-10-20,2021-10-06,-14 day ahead inc hosp,mean,,2395,COVID-19
DE,00-04,2021-10-20,2021-10-06,-14 day ahead inc hosp,mean,,62,COVID-19
DE,05-14,2021-10-20,2021-10-06,-14 day ahead inc hosp,mean,,47,COVID-19
DE,15-34,2021-10-20,2021-10-06,-14 day ahead inc hosp,mean,,327,COVID-19
DE,35-59,2021-10-20,2021-10-06,-14 day ahead inc hosp,mean,,749,COVID-19
DE,60-79,2021-10-20,2021-10-06,-14 day ahead inc hosp,mean,,656,COVID-19
DE,80+,2021-10-20,2021-10-06,-14 day ahead inc hosp,mean,,565,COVID-19
DE,00+,2021-10-20,2021-10-07,-13 day ahead inc hosp,mean,,2412,COVID-19
DE,00-04,2021-10-20,2021-10-07,-13 day ahead inc hosp,mean,,57,COVID-19
DE,05-14,2021-10-20,2021-10-07,-13 day ahead inc hosp,mean,,45,COVID-19
DE,15-34,2021-10-20,2021-10-07,-13 day ahead inc hosp,mean,,322,COVID-19
DE,35-59,2021-10-20,2021-10-07,-13 day ahead inc hosp,mean,,731,COVID-19
DE,60-79,2021-10-20,2021-10-07,-13 day ahead inc hosp,mean,,693,COVID-19
DE,80+,2021-10-20,2021-10-07,-13 day ahead inc hosp,mean,,582,COVID-19
DE,00+,2021-10-20,2021-10-08,-12 day ahead inc hosp,mean,,2495,COVID-19
DE,00-04,2021-10-20,2021-10-08,-12 day ahead inc hosp,mean,,51,COVID-19
DE,05-14,2021-10-20,2021-10-08,-12 day ahead inc hosp,mean,,46,COVID-19
DE,15-34,2021-10-20,2021-10-08,-12 day ahead inc hosp,mean,,313,COVID-19
DE,35-59,2021-10-20,2021-10-08,-12 day ahead inc hosp,mean,,749,COVID-19
DE,60-79,2021-10-20,2021-10-08,-12 day ahead inc hosp,mean,,742,COVID-19
DE,80+,2021-10-20,2021-10-08,-12 day ahead inc hosp,mean,,609,COVID-19
DE,00+,2021-10-20,2021-10-09,-11 day ahead inc hosp,mean,,2598,COVID-19
DE,00-04,2021-10-20,2021-10-09,-11 day ahead inc hosp,mean,,47,COVID-19
DE,05-14,2021-10-20,2021-10-09,-11 day ahead inc hosp,mean,,48,COVID-19
DE,15-34,2021-10-20,2021-10-09,-11 day ahead inc hosp,mean,,325,COVID-19
DE,35-59,2021-10-20,2021-10-09,-11 day ahead inc hosp,mean,,745,COVID-19
DE,60-79,2021-10-20,2021-10-09,-11 day ahead inc hosp,mean,,793,COVID-19
DE,80+,2021-10-20,2021-10-09,-11 day ahead inc hosp,mean,,617,COVID-19
DE,00+,2021-10-20,2021-10-10,-10 day ahead inc hosp,mean,,2631,COVID-19
DE,00-04,2021-10-20,2021-10-10,-10 day ahead inc hosp,mean,,52,COVID-19
DE,05-14,2021-10-20,2021-10-10,-10 day ahead inc hosp,mean,,49,COVID-19
DE,15-34,2021-10-20,2021-10-10,-10 day ahead inc hosp,mean,,318,COVID-19
DE,35-59,2021-10-20,2021-10-10,-10 day ahead inc hosp,mean,,772,COVID-19
DE,60-79,2021-10-20,2021-10-10,-10 day ahead inc hosp,mean,,794,COVID-19
DE,80+,2021-10-20,2021-10-10,-10 day ahead inc hosp,mean,,628,COVID-19
DE,00+,2021-10-20,2021-10-11,-9 day ahead inc hosp,mean,,2664,COVID-19
DE,00-04,2021-10-20,2021-10-11,-9 day ahead inc hosp,mean,,52,COVID-19
DE,05-14,2021-10-20,2021-10-11,-9 day ahead inc hosp,mean,,48,COVID-19
DE,15-34,2021-10-20,2021-10-11,-9 day ahead inc hosp,mean,,313,COVID-19
DE,35-59,2021-10-20,2021-10-11,-9 day ahead inc hosp,mean,,768,COVID-19
DE,60-79,2021-10-20,2021-10-11,-9 day ahead inc hosp,mean,,813,COVID-19
DE,80+,2021-10-20,2021-10-11,-9 day ahead inc hosp,mean,,652,COVID-19
DE,00+,2021-10-20,2021-10-12,-8 day ahead inc hosp,mean,,2750,COVID-19
DE,00-04,2021-10-20,2021-10-12,-8 day ahead inc hosp,mean,,49,COVID-19
DE,05-14,2021-10-20,2021-10-12,-8 day ahead inc hosp,mean,,53,COVID-19
DE,15-34,2021-10-20,2021-10-12,-8 day ahead inc hosp,mean,,337,COVID-19
DE,35-59,2021-10-20,2021-10-12,-8 day ahead inc hosp,mean,,774,COVID-19
DE,60-79,2021-10-20,2021-10-12,-8 day ahead inc hosp,mean,,822,COVID-19
DE,80+,2021-10-20,2021-10-12,-8 day ahead inc hosp,mean,,693,COVID-19
DE,00+,2021-10-20,2021-10-13,-7 day ahead inc hosp,mean,,2802.5,COVID-19
DE,00-04,2021-10-20,2021-10-13,-7 day ahead inc hosp,mean,,56,COVID-19
DE,05-14,2021-10-20,2021-10-13,-7 day ahead inc hosp,mean,,54,COVID-19
DE,15-34,2021-10-20,2021-10-13,-7 day ahead inc hosp,mean,,348,COVID-19
DE,35-59,2021-10-20,2021-10-13,-7 day ahead inc hosp,mean,,769,COVID-19
DE,60-79,2021-10-20,2021-10-13,-7 day ahead inc hosp,mean,,851,COVID-19
DE,80+,2021-10-20,2021-10-13,-7 day ahead inc hosp,mean,,689,COVID-19
DE,00+,2021-10-20,2021-10-14,-6 day ahead inc hosp,mean,,2782,COVID-19
DE,00-04,2021-10-20,2021-10-14,-6 day ahead inc hosp,mean,,56,COVID-19
DE,05-14,2021-10-20,2021-10-14,-6 day ahead inc hosp,mean,,53,COVID-19
DE,15-34,2021-10-20,2021-10-14,-6 day ahead inc hosp,mean,,357,COVID-19
DE,35-59,2021-10-20,2021-10-14,-6 day ahead inc hosp,mean,,763,COVID-19
DE,60-79,2021-10-20,2021-10-14,-6 day ahead inc hosp,mean,,835,COVID-19
DE,80+,2021-10-20,2021-10-14,-6 day ahead inc hosp,mean,,678,COVID-19
DE,00+,2021-10-20,2021-10-15,-5 day ahead inc hosp,mean,,2781,COVID-19
DE,00-04,2021-10-20,2021-10-15,-5 day ahead inc hosp,mean,,59,COVID-19
DE,05-14,2021-10-20,2021-10-15,-5 day ahead inc hosp,mean,,51,COVID-19
DE,15-34,2021-10-20,2021-10-15,-5 day ahead inc hosp,mean,,375,COVID-19
DE,35-59,2021-10-20,2021-10-15,-5 day ahead inc hosp,mean,,733,COVID-19
DE,60-79,2021-10-20,2021-10-15,-5 day ahead inc hosp,mean,,832,COVID-19
DE,80+,2021-10-20,2021-10-15,-5 day ahead inc hosp,mean,,667,COVID-19
DE,00+,2021-10-20,2021-10-16,-4 day ahead inc hosp,mean,,2740.5,COVID-19
DE,00-04,2021-10-20,2021-10-16,-4 day ahead inc hosp,mean,,53,COVID-19
DE,05-14,2021-10-20,2021-10-16,-4 day ahead inc hosp,mean,,51,COVID-19
DE,15-34,2021-10-20,2021-10-16,-4 day ahead inc hosp,mean,,354,COVID-19
DE,35-59,2021-10-20,2021-10-16,-4 day ahead inc hosp,mean,,690,COVID-19
DE,60-79,2021-10-20,2021-10-16,-4 day ahead inc hosp,mean,,800,COVID-19
DE,80+,2021-10-20,2021-10-16,-4 day ahead inc hosp,mean,,683,COVID-19
DE,00+,2021-10-20,2021-10-17,-3 day ahead inc hosp,mean,,2706,COVID-19
DE,00-04,2021-10-20,2021-10-17,-3 day ahead inc hosp,mean,,47,COVID-19
DE,05-14,2021-10-20,2021-10-17,-3 day ahead inc hosp,mean,,54,COVID-19
DE,15-34,2021-10-20,2021-10-17,-3 day ahead inc hosp,mean,,350,COVID-19
DE,35-59,2021-10-20,2021-10-17,-3 day ahead inc hosp,mean,,670,COVID-19
DE,60-79,2021-10-20,2021-10-17,-3 day ahead inc hosp,mean,,789,COVID-19
DE,80+,2021-10-20,2021-10-17,-3 day ahead inc hosp,mean,,686,COVID-19
DE,00+,2021-10-20,2021-10-18,-2 day ahead inc hosp,mean,,2722,COVID-19
DE,00-04,2021-10-20,2021-10-18,-2 day ahead inc hosp,mean,,48,COVID-19
DE,05-14,2021-10-20,2021-10-18,-2 day ahead inc hosp,mean,,52,COVID-19
DE,15-34,2021-10-20,2021-10-18,-2 day ahead inc hosp,mean,,352,COVID-19
DE,35-59,2021-10-20,2021-10-18,-2 day ahead inc hosp,mean,,677,COVID-19
DE,60-79,2021-10-20,2021-10-18,-2 day ahead inc hosp,mean,,792,COVID-19
DE,80+,2021-10-20,2021-10-18,-2 day ahead inc hosp,mean,,705,COVID-19
DE,00+,2021-10-20,2021-10-19,-1 day ahead inc hosp,mean,,2801.5,COVID-19
DE,00-04,2021-10-20,2021-10-19,-1 day ahead inc hosp,mean,,44,COVID-19
DE,05-14,2021-10-20,2021-10-19,-1 day ahead inc hosp,mean,,53,COVID-19
DE,15-34,2021-10-20,2021-10-19,-1 day ahead inc hosp,mean,,335,COVID-19
DE,35-59,2021-10-20,2021-10-19,-1 day ahead inc hosp,mean,,661,COVID-19
DE,60-79,2021-10-20,2021-10-19,-1 day ahead inc hosp,mean,,813,COVID-19
DE,80+,2021-10-20,2021-10-19,-1 day ahead inc hosp,mean,,730,COVID-19
DE,00+,2021-10-20,2021-10-20,0 day ahead inc hosp,mean,,2741,COVID-19
DE,00-04,2021-10-20,2021-10-20,0 day ahead inc hosp,mean,,40,COVID-19
DE,05-14,2021-10-20,2021-10-20,0 day ahead inc hosp,mean,,50,COVID-19
DE,15-34,2021-10-20,2021-10-20,0 day ahead inc hosp,mean,,334,COVID-19
DE,35-59,2021-10-20,2021-10-20,0 day ahead inc hosp,mean,,608,COVID-19
DE,60-79,2021-10-20,2021-10-20,0 day ahead inc hosp,mean,,762,COVID-19
DE,80+,2021-10-20,2021-10-20,0 day ahead inc hosp,mean,,734,COVID-19
DE,00+,2021-10-20,2021-09-22,-28 day ahead inc hosp,quantile,0.75,2540,COVID-19
DE,00-04,2021-10-20,2021-09-22,-28 day ahead inc hosp,quantile,0.75,69,COVID-19
DE,05-14,2021-10-20,2021-09-22,-28 day ahead inc hosp,quantile,0.75,57,COVID-19
DE,15-34,2021-10-20,2021-09-22,-28 day ahead inc hosp,quantile,0.75,416,COVID-19
DE,35-59,2021-10-20,2021-09-22,-28 day ahead inc hosp,quantile,0.75,864,COVID-19
DE,60-79,2021-10-20,2021-09-22,-28 day ahead inc hosp,quantile,0.75,677,COVID-19
DE,80+,2021-10-20,2021-09-22,-28 day ahead inc hosp,quantile,0.75,461,COVID-19
DE,00+,2021-10-20,2021-09-23,-27 day ahead inc hosp,quantile,0.75,2482,COVID-19
DE,00-04,2021-10-20,2021-09-23,-27 day ahead inc hosp,quantile,0.75,72,COVID-19
DE,05-14,2021-10-20,2021-09-23,-27 day ahead inc hosp,quantile,0.75,58,COVID-19
DE,15-34,2021-10-20,2021-09-23,-27 day ahead inc hosp,quantile,0.75,407,COVID-19
DE,35-59,2021-10-20,2021-09-23,-27 day ahead inc hosp,quantile,0.75,822,COVID-19
DE,60-79,2021-10-20,2021-09-23,-27 day ahead inc hosp,quantile,0.75,682,COVID-19
DE,80+,2021-10-20,2021-09-23,-27 day ahead inc hosp,quantile,0.75,444,COVID-19
DE,00+,2021-10-20,2021-09-24,-26 day ahead inc hosp,quantile,0.75,2490,COVID-19
DE,00-04,2021-10-20,2021-09-24,-26 day ahead inc hosp,quantile,0.75,74,COVID-19
DE,05-14,2021-10-20,2021-09-24,-26 day ahead inc hosp,quantile,0.75,61,COVID-19
DE,15-34,2021-10-20,2021-09-24,-26 day ahead inc hosp,quantile,0.75,413,COVID-19
DE,35-59,2021-10-20,2021-09-24,-26 day ahead inc hosp,quantile,0.75,829,COVID-19
DE,60-79,2021-10-20,2021-09-24,-26 day ahead inc hosp,quantile,0.75,659,COVID-19
DE,80+,2021-10-20,2021-09-24,-26 day ahead inc hosp,quantile,0.75,458,COVID-19
DE,00+,2021-10-20,2021-09-25,-25 day ahead inc hosp,quantile,0.75,2473,COVID-19
DE,00-04,2021-10-20,2021-09-25,-25 day ahead inc hosp,quantile,0.75,76,COVID-19
DE,05-14,2021-10-20,2021-09-25,-25 day ahead inc hosp,quantile,0.75,57,COVID-19
DE,15-34,2021-10-20,2021-09-25,-25 day ahead inc hosp,quantile,0.75,406,COVID-19
DE,35-59,2021-10-20,2021-09-25,-25 day ahead inc hosp,quantile,0.75,846,COVID-19
DE,60-79,2021-10-20,2021-09-25,-25 day ahead inc hosp,quantile,0.75,645,COVID-19
DE,80+,2021-10-20,2021-09-25,-25 day ahead inc hosp,quantile,0.75,447,COVID-19
DE,00+,2021-10-20,2021-09-26,-24 day ahead inc hosp,quantile,0.75,2446,COVID-19
DE,00-04,2021-10-20,2021-09-26,-24 day ahead inc hosp,quantile,0.75,74,COVID-19
DE,05-14,2021-10-20,2021-09-26,-24 day ahead inc hosp,quantile,0.75,55,COVID-19
DE,15-34,2021-10-20,2021-09-26,-24 day ahead inc hosp,quantile,0.75,397,COVID-19
DE,35-59,2021-10-20,2021-09-26,-24 day ahead inc hosp,quantile,0.75,816,COVID-19
DE,60-79,2021-10-20,2021-09-26,-24 day ahead inc hosp,quantile,0.75,646,COVID-19
DE,80+,2021-10-20,2021-09-26,-24 day ahead inc hosp,quantile,0.75,463,COVID-19
DE,00+,2021-10-20,2021-09-27,-23 day ahead inc hosp,quantile,0.75,2450,COVID-19
DE,00-04,2021-10-20,2021-09-27,-23 day ahead inc hosp,quantile,0.75,74,COVID-19
DE,05-14,2021-10-20,2021-09-27,-23 day ahead inc hosp,quantile,0.75,58,COVID-19
DE,15-34,2021-10-20,2021-09-27,-23 day ahead inc hosp,quantile,0.75,394,COVID-19
DE,35-59,2021-10-20,2021-09-27,-23 day ahead inc hosp,quantile,0.75,814,COVID-19
DE,60-79,2021-10-20,2021-09-27,-23 day ahead inc hosp,quantile,0.75,650,COVID-19
DE,80+,2021-10-20,2021-09-27,-23 day ahead inc hosp,quantile,0.75,467,COVID-19
DE,00+,2021-10-20,2021-09-28,-22 day ahead inc hosp,quantile,0.75,2480,COVID-19
DE,00-04,2021-10-20,2021-09-28,-22 day ahead inc hosp,quantile,0.75,71,COVID-19
DE,05-14,2021-10-20,2021-09-28,-22 day ahead inc hosp,quantile,0.75,59,COVID-19
DE,15-34,2021-10-20,2021-09-28,-22 day ahead inc hosp,quantile,0.75,391,COVID-19
DE,35-59,2021-10-20,2021-09-28,-22 day ahead inc hosp,quantile,0.75,823,COVID-19
DE,60-79,2021-10-20,2021-09-28,-22 day ahead inc hosp,quantile,0.75,648,COVID-19
DE,80+,2021-10-20,2021-09-28,-22 day ahead inc hosp,quantile,0.75,494,COVID-19
DE,00+,2021-10-20,2021-09-29,-21 day ahead inc hosp,quantile,0.75,2574,COVID-19
DE,00-04,2021-10-20,2021-09-29,-21 day ahead inc hosp,quantile,0.75,76,COVID-19
DE,05-14,2021-10-20,2021-09-29,-21 day ahead inc hosp,quantile,0.75,59,COVID-19
DE,15-34,2021-10-20,2021-09-29,-21 day ahead inc hosp,quantile,0.75,414,COVID-19
DE,35-59,2021-10-20,2021-09-29,-21 day ahead inc hosp,quantile,0.75,843,COVID-19
DE,60-79,2021-10-20,2021-09-29,-21 day ahead inc hosp,quantile,0.75,651,COVID-19
DE,80+,2021-10-20,2021-09-29,-21 day ahead inc hosp,quantile,0.75,537,COVID-19
DE,00+,2021-10-20,2021-09-30,-20 day ahead inc hosp,quantile,0.75,2621,COVID-19
DE,00-04,2021-10-20,2021-09-30,-20 day ahead inc hosp,quantile,0.75,76,COVID-19
DE,05-14,2021-10-20,2021-09-30,-20 day ahead inc hosp,quantile,0.75,58,COVID-19
DE,15-34,2021-10-20,2021-09-30,-20 day ahead inc hosp,quantile,0.75,414,COVID-19
DE,35-59,2021-10-20,2021-09-30,-20 day ahead inc hosp,quantile,0.75,868,COVID-19
DE,60-79,2021-10-20,2021-09-30,-20 day ahead inc hosp,quantile,0.75,639,COVID-19
DE,80+,2021-10-20,2021-09-30,-20 day ahead inc hosp,quantile,0.75,570,COVID-19
DE,00+,2021-10-20,2021-10-01,-19 day ahead inc hosp,quantile,0.75,2561,COVID-19
DE,00-04,2021-10-20,2021-10-01,-19 day ahead inc hosp,quantile,0.75,70,COVID-19
DE,05-14,2021-10-20,2021-10-01,-19 day ahead inc hosp,quantile,0.75,54,COVID-19
DE,15-34,2021-10-20,2021-10-01,-19 day ahead inc hosp,quantile,0.75,395,COVID-19
DE,35-59,2021-10-20,2021-10-01,-19 day ahead inc hosp,quantile,0.75,823,COVID-19
DE,60-79,2021-10-20,2021-10-01,-19 day ahead inc hosp,quantile,0.75,645,COVID-19
DE,80+,2021-10-20,2021-10-01,-19 day ahead inc hosp,quantile,0.75,576,COVID-19
DE,00+,2021-10-20,2021-10-02,-18 day ahead inc hosp,quantile,0.75,2555,COVID-19
DE,00-04,2021-10-20,2021-10-02,-18 day ahead inc hosp,quantile,0.75,69,COVID-19
DE,05-14,2021-10-20,2021-10-02,-18 day ahead inc hosp,quantile,0.75,60,COVID-19
DE,15-34,2021-10-20,2021-10-02,-18 day ahead inc hosp,quantile,0.75,381,COVID-19
DE,35-59,2021-10-20,2021-10-02,-18 day ahead inc hosp,quantile,0.75,817,COVID-19
DE,60-79,2021-10-20,2021-10-02,-18 day ahead inc hosp,quantile,0.75,640,COVID-19
DE,80+,2021-10-20,2021-10-02,-18 day ahead inc hosp,quantile,0.75,593,COVID-19
DE,00+,2021-10-20,2021-10-03,-17 day ahead inc hosp,quantile,0.75,2562,COVID-19
DE,00-04,2021-10-20,2021-10-03,-17 day ahead inc hosp,quantile,0.75,69,COVID-19
DE,05-14,2021-10-20,2021-10-03,-17 day ahead inc hosp,quantile,0.75,59,COVID-19
DE,15-34,2021-10-20,2021-10-03,-17 day ahead inc hosp,quantile,0.75,392,COVID-19
DE,35-59,2021-10-20,2021-10-03,-17 day ahead inc hosp,quantile,0.75,795,COVID-19
DE,60-79,2021-10-20,2021-10-03,-17 day ahead inc hosp,quantile,0.75,656,COVID-19
DE,80+,2021-10-20,2021-10-03,-17 day ahead inc hosp,quantile,0.75,590,COVID-19
DE,00+,2021-10-20,2021-10-04,-16 day ahead inc hosp,quantile,0.75,2555,COVID-19
DE,00-04,2021-10-20,2021-10-04,-16 day ahead inc hosp,quantile,0.75,69,COVID-19
DE,05-14,2021-10-20,2021-10-04,-16 day ahead inc hosp,quantile,0.75,57,COVID-19
DE,15-34,2021-10-20,2021-10-04,-16 day ahead inc hosp,quantile,0.75,392,COVID-19
DE,35-59,2021-10-20,2021-10-04,-16 day ahead inc hosp,quantile,0.75,799,COVID-19
DE,60-79,2021-10-20,2021-10-04,-16 day ahead inc hosp,quantile,0.75,653,COVID-19
DE,80+,2021-10-20,2021-10-04,-16 day ahead inc hosp,quantile,0.75,585,COVID-19
DE,00+,2021-10-20,2021-10-05,-15 day ahead inc hosp,quantile,0.75,2512,COVID-19
DE,00-04,2021-10-20,2021-10-05,-15 day ahead inc hosp,quantile,0.75,73,COVID-19
DE,05-14,2021-10-20,2021-10-05,-15 day ahead inc hosp,quantile,0.75,51,COVID-19
DE,15-34,2021-10-20,2021-10-05,-15 day ahead inc hosp,quantile,0.75,378,COVID-19
DE,35-59,2021-10-20,2021-10-05,-15 day ahead inc hosp,quantile,0.75,791,COVID-19
DE,60-79,2021-10-20,2021-10-05,-15 day ahead inc hosp,quantile,0.75,658,COVID-19
DE,80+,2021-10-20,2021-10-05,-15 day ahead inc hosp,quantile,0.75,567,COVID-19
DE,00+,2021-10-20,2021-10-06,-14 day ahead inc hosp,quantile,0.75,2410,COVID-19
DE,00-04,2021-10-20,2021-10-06,-14 day ahead inc hosp,quantile,0.75,64,COVID-19
DE,05-14,2021-10-20,2021-10-06,-14 day ahead inc hosp,quantile,0.75,49,COVID-19
DE,15-34,2021-10-20,2021-10-06,-14 day ahead inc hosp,quantile,0.75,331,COVID-19
DE,35-59,2021-10-20,2021-10-06,-14 day ahead inc hosp,quantile,0.75,755,COVID-19
DE,60-79,2021-10-20,2021-10-06,-14 day ahead inc hosp,quantile,0.75,662,COVID-19
DE,80+,2021-10-20,2021-10-06,-14 day ahead inc hosp,quantile,0.75,571,COVID-19
DE,00+,2021-10-20,2021-10-07,-13 day ahead inc hosp,quantile,0.75,2430,COVID-19
DE,00-04,2021-10-20,2021-10-07,-13 day ahead inc hosp,quantile,0.75,58,COVID-19
DE,05-14,2021-10-20,2021-10-07,-13 day ahead inc hosp,quantile,0.75,47,COVID-19
DE,15-34,2021-10-20,2021-10-07,-13 day ahead inc hosp,quantile,0.75,326,COVID-19
DE,35-59,2021-10-20,2021-10-07,-13 day ahead inc hosp,quantile,0.75,739,COVID-19
DE,60-79,2021-10-20,2021-10-07,-13 day ahead inc hosp,quantile,0.75,701,COVID-19
DE,80+,2021-10-20,2021-10-07,-13 day ahead inc hosp,quantile,0.75,589,COVID-19
DE,00+,2021-10-20,2021-10-08,-12 day ahead inc hosp,quantile,0.75,2518.25,COVID-19
DE,00-04,2021-10-20,2021-10-08,-12 day ahead inc hosp,quantile,0.75,53,COVID-19
DE,05-14,2021-10-20,2021-10-08,-12 day ahead inc hosp,quantile,0.75,48,COVID-19
DE,15-34,2021-10-20,2021-10-08,-12 day ahead inc hosp,quantile,0.75,318,COVID-19
DE,35-59,2021-10-20,2021-10-08,-12 day ahead inc hosp,quantile,0.75,757,COVID-19
DE,60-79,2021-10-20,2021-10-08,-12 day ahead inc hosp,quantile,0.75,752,COVID-19
DE,80+,2021-10-20,2021-10-08,-12 day ahead inc hosp,quantile,0.75,617,COVID-19
DE,00+,2021-10-20,2021-10-09,-11 day ahead inc hosp,quantile,0.75,2628,COVID-19
DE,00-04,2021-10-20,2021-10-09,-11 day ahead inc hosp,quantile,0.75,49,COVID-19
DE,05-14,2021-10-20,2021-10-09,-11 day ahead inc hosp,quantile,0.75,50,COVID-19
DE,15-34,2021-10-20,2021-10-09,-11 day ahead inc hosp,quantile,0.75,330,COVID-19
DE,35-59,2021-10-20,2021-10-09,-11 day ahead inc hosp,quantile,0.75,754,COVID-19
DE,60-79,2021-10-20,2021-10-09,-11 day ahead inc hosp,quantile,0.75,802,COVID-19
DE,80+,2021-10-20,2021-10-09,-11 day ahead inc hosp,quantile,0.75,626,COVID-19
DE,00+,2021-10-20,2021-10-10,-10 day ahead inc hosp,quantile,0.75,2659,COVID-19
DE,00-04,2021-10-20,2021-10-10,-10 day ahead inc hosp,quantile,0.75,54,COVID-19
DE,05-14,2021-10-20,2021-10-10,-10 day ahead inc hosp,quantile,0.75,50,COVID-19
DE,15-34,2021-10-20,2021-10-10,-10 day ahead inc hosp,quantile,0.75,323,COVID-19
DE,35-59,2021-10-20,2021-10-10,-10 day ahead inc hosp,quantile,0.75,783,COVID-19
DE,60-79,2021-10-20,2021-10-10,-10 day ahead inc hosp,quantile,0.75,804,COVID-19
DE,80+,2021-10-20,2021-10-10,-10 day ahead inc hosp,quantile,0.75,637,COVID-19
DE,00+,2021-10-20,2021-10-11,-9 day ahead inc hosp,quantile,0.75,2693,COVID-19
DE,00-04,2021-10-20,2021-10-11,-9 day ahead inc hosp,quantile,0.75,54,COVID-19
DE,05-14,2021-10-20,2021-10-11,-9 day ahead inc hosp,quantile,0.75,50,COVID-19
DE,15-34,2021-10-20,2021-10-11,-9 day ahead inc hosp,quantile,0.75,318,COVID-19
DE,35-59,2021-10-20,2021-10-11,-9 day ahead inc hosp,quantile,0.75,778,COVID-19
DE,60-79,2021-10-20,2021-10-11,-9 day ahead inc hosp,quantile,0.75,823,COVID-19
DE,80+,2021-10-20,2021-10-11,-9 day ahead inc hosp,quantile,0.75,661,COVID-19
DE,00+,2021-10-20,2021-10-12,-8 day ahead inc hosp,quantile,0.75,2782,COVID-19
DE,00-04,2021-10-20,2021-10-12,-8 day ahead inc hosp,quantile,0.75,51,COVID-19
DE,05-14,2021-10-20,2021-10-12,-8 day ahead inc hosp,quantile,0.75,55,COVID-19
DE,15-34,2021-10-20,2021-10-12,-8 day ahead inc hosp,quantile,0.75,343,COVID-19
DE,35-59,2021-10-20,2021-10-12,-8 day ahead inc hosp,quantile,0.75,785,COVID-19
DE,60-79,2021-10-20,2021-10-12,-8 day ahead inc hosp,quantile,0.75,834,COVID-19
DE,80+,2021-10-20,2021-10-12,-8 day ahead inc hosp,quantile,0.75,703,COVID-19
DE,00+,2021-10-20,2021-10-13,-7 day ahead inc hosp,quantile,0.75,2837,COVID-19
DE,00-04,2021-10-20,2021-10-13,-7 day ahead inc hosp,quantile,0.75,59,COVID-19
DE,05-14,2021-10-20,2021-10-13,-7 day ahead inc hosp,quantile,0.75,56,COVID-19
DE,15-34,2021-10-20,2021-10-13,-7 day ahead inc hosp,quantile,0.75,354,COVID-19
DE,35-59,2021-10-20,2021-10-13,-7 day ahead inc hosp,quantile,0.75,782,COVID-19
DE,60-79,2021-10-20,2021-10-13,-7 day ahead inc hosp,quantile,0.75,863,COVID-19
DE,80+,2021-10-20,2021-10-13,-7 day ahead inc hosp,quantile,0.75,699,COVID-19
DE,00+,2021-10-20,2021-10-14,-6 day ahead inc hosp,quantile,0.75,2820,COVID-19
DE,00-04,2021-10-20,2021-10-14,-6 day ahead inc hosp,quantile,0.75,58,COVID-19
DE,05-14,2021-10-20,2021-10-14,-6 day ahead inc hosp,quantile,0.75,55,COVID-19
DE,15-34,2021-10-20,2021-10-14,-6 day ahead inc hosp,quantile,0.75,364,COVID-19
DE,35-59,2021-10-20,2021-10-14,-6 day ahead inc hosp,quantile,0.75,775.25,COVID-19
DE,60-79,2021-10-20,2021-10-14,-6 day ahead inc hosp,quantile,0.75,851,COVID-19
DE,80+,2021-10-20,2021-10-14,-6 day ahead inc hosp,quantile,0.75,690.25,COVID-19
DE,00+,2021-10-20,2021-10-15,-5 day ahead inc hosp,quantile,0.75,2828,COVID-19
DE,00-04,2021-10-20,2021-10-15,-5 day ahead inc hosp,quantile,0.75,61,COVID-19
DE,05-14,2021-10-20,2021-10-15,-5 day ahead inc hosp,quantile,0.75,54,COVID-19
DE,15-34,2021-10-20,2021-10-15,-5 day ahead inc hosp,quantile,0.75,383,COVID-19
DE,35-59,2021-10-20,2021-10-15,-5 day ahead inc hosp,quantile,0.75,747.25,COVID-19
DE,60-79,2021-10-20,2021-10-15,-5 day ahead inc hosp,quantile,0.75,849,COVID-19
DE,80+,2021-10-20,2021-10-15,-5 day ahead inc hosp,quantile,0.75,680,COVID-19
DE,00+,2021-10-20,2021-10-16,-4 day ahead inc hosp,quantile,0.75,2795,COVID-19
DE,00-04,2021-10-20,2021-10-16,-4 day ahead inc hosp,quantile,0.75,56,COVID-19
DE,05-14,2021-10-20,2021-10-16,-4 day ahead inc hosp,quantile,0.75,53,COVID-19
DE,15-34,2021-10-20,2021-10-16,-4 day ahead inc hosp,quantile,0.75,363,COVID-19
DE,35-59,2021-10-20,2021-10-16,-4 day ahead inc hosp,quantile,0.75,704,COVID-19
DE,60-79,2021-10-20,2021-10-16,-4 day ahead inc hosp,quantile,0.75,816,COVID-19
DE,80+,2021-10-20,2021-10-16,-4 day ahead inc hosp,quantile,0.75,697,COVID-19
DE,00+,2021-10-20,2021-10-17,-3 day ahead inc hosp,quantile,0.75,2755,COVID-19
DE,00-04,2021-10-20,2021-10-17,-3 day ahead inc hosp,quantile,0.75,50,COVID-19
DE,05-14,2021-10-20,2021-10-17,-3 day ahead inc hosp,quantile,0.75,56,COVID-19
DE,15-34,2021-10-20,2021-10-17,-3 day ahead inc hosp,quantile,0.75,359,COVID-19
DE,35-59,2021-10-20,2021-10-17,-3 day ahead inc hosp,quantile,0.75,684,COVID-19
DE,60-79,2021-10-20,2021-10-17,-3 day ahead inc hosp,quantile,0.75,806,COVID-19
DE,80+,2021-10-20,2021-10-17,-3 day ahead inc hosp,quantile,0.75,701,COVID-19
DE,00+,2021-10-20,2021-10-18,-2 day ahead inc hosp,quantile,0.75,2775,COVID-19
DE,00-04,2021-10-20,2021-10-18,-2 day ahead inc hosp,quantile,0.75,51,COVID-19
DE,05-14,2021-10-20,2021-10-18,-2 day ahead inc hosp,quantile,0.75,55,COVID-19
DE,15-34,2021-10-20,2021-10-18,-2 day ahead inc hosp,quantile,0.75,362,COVID-19
DE,35-59,2021-10-20,2021-10-18,-2 day ahead inc hosp,quantile,0.75,695,COVID-19
DE,60-79,2021-10-20,2021-10-18,-2 day ahead inc hosp,quantile,0.75,812,COVID-19
DE,80+,2021-10-20,2021-10-18,-2 day ahead inc hosp,quantile,0.75,724,COVID-19
DE,00+,2021-10-20,2021-10-19,-1 day ahead inc hosp,quantile,0.75,2890,COVID-19
DE,00-04,2021-10-20,2021-10-19,-1 day ahead inc hosp,quantile,0.75,47,COVID-19
DE,05-14,2021-10-20,2021-10-19,-1 day ahead inc hosp,quantile,0.75,56,COVID-19
DE,15-34,2021-10-20,2021-10-19,-1 day ahead inc hosp,quantile,0.75,346,COVID-19
DE,35-59,2021-10-20,2021-10-19,-1 day ahead inc hosp,quantile,0.75,681,COVID-19
DE,60-79,2021-10-20,2021-10-19,-1 day ahead inc hosp,quantile,0.75,839,COVID-19
DE,80+,2021-10-20,2021-10-19,-1 day ahead inc hosp,quantile,0.75,753,COVID-19
DE,00+,2021-10-20,2021-10-20,0 day ahead inc hosp,quantile,0.75,2853,COVID-19
DE,00-04,2021-10-20,2021-10-20,0 day ahead inc hosp,quantile,0.75,44,COVID-19
DE,05-14,2021-10-20,2021-10-20,0 day ahead inc hosp,quantile,0.75,53,COVID-19
DE,15-34,2021-10-20,2021-10-20,0 day ahead inc hosp,quantile,0.75,349,COVID-19
DE,35-59,2021-10-20,2021-10-20,0 day ahead inc hosp,quantile,0.75,632,COVID-19
DE,60-79,2021-10-20,2021-10-20,0 day ahead inc hosp,quantile,0.75,793,COVID-19
DE,80+,2021-10-20,2021-10-20,0 day ahead inc hosp,quantile,0.75,765,COVID-19
DE,00+,2021-10-20,2021-09-22,-28 day ahead inc hosp,quantile,0.9,2545,COVID-19
DE,00-04,2021-10-20,2021-09-22,-28 day ahead inc hosp,quantile,0.9,70,COVID-19
DE,05-14,2021-10-20,2021-09-22,-28 day ahead inc hosp,quantile,0.9,58,COVID-19
DE,15-34,2021-10-20,2021-09-22,-28 day ahead inc hosp,quantile,0.9,418,COVID-19
DE,35-59,2021-10-20,2021-09-22,-28 day ahead inc hosp,quantile,0.9,866,COVID-19
DE,60-79,2021-10-20,2021-09-22,-28 day ahead inc hosp,quantile,0.9,679,COVID-19
DE,80+,2021-10-20,2021-09-22,-28 day ahead inc hosp,quantile,0.9,462,COVID-19
DE,00+,2021-10-20,2021-09-23,-27 day ahead inc hosp,quantile,0.9,2488,COVID-19
DE,00-04,2021-10-20,2021-09-23,-27 day ahead inc hosp,quantile,0.9,72,COVID-19
DE,05-14,2021-10-20,2021-09-23,-27 day ahead inc hosp,quantile,0.9,59,COVID-19
DE,15-34,2021-10-20,2021-09-23,-27 day ahead inc hosp,quantile,0.9,409,COVID-19
DE,35-59,2021-10-20,2021-09-23,-27 day ahead inc hosp,quantile,0.9,825,COVID-19
DE,60-79,2021-10-20,2021-09-23,-27 day ahead inc hosp,quantile,0.9,685,COVID-19
DE,80+,2021-10-20,2021-09-23,-27 day ahead inc hosp,quantile,0.9,446,COVID-19
DE,00+,2021-10-20,2021-09-24,-26 day ahead inc hosp,quantile,0.9,2497,COVID-19
DE,00-04,2021-10-20,2021-09-24,-26 day ahead inc hosp,quantile,0.9,75,COVID-19
DE,05-14,2021-10-20,2021-09-24,-26 day ahead inc hosp,quantile,0.9,62,COVID-19
DE,15-34,2021-10-20,2021-09-24,-26 day ahead inc hosp,quantile,0.9,415,COVID-19
DE,35-59,2021-10-20,2021-09-24,-26 day ahead inc hosp,quantile,0.9,832,COVID-19
DE,60-79,2021-10-20,2021-09-24,-26 day ahead inc hosp,quantile,0.9,661,COVID-19
DE,80+,2021-10-20,2021-09-24,-26 day ahead inc hosp,quantile,0.9,460,COVID-19
DE,00+,2021-10-20,2021-09-25,-25 day ahead inc hosp,quantile,0.9,2480,COVID-19
DE,00-04,2021-10-20,2021-09-25,-25 day ahead inc hosp,quantile,0.9,77,COVID-19
DE,05-14,2021-10-20,2021-09-25,-25 day ahead inc hosp,quantile,0.9,58,COVID-19
DE,15-34,2021-10-20,2021-09-25,-25 day ahead inc hosp,quantile,0.9,408,COVID-19
DE,35-59,2021-10-20,2021-09-25,-25 day ahead inc hosp,quantile,0.9,850,COVID-19
DE,60-79,2021-10-20,2021-09-25,-25 day ahead inc hosp,quantile,0.9,648,COVID-19
DE,80+,2021-10-20,2021-09-25,-25 day ahead inc hosp,quantile,0.9,449,COVID-19
DE,00+,2021-10-20,2021-09-26,-24 day ahead inc hosp,quantile,0.9,2453,COVID-19
DE,00-04,2021-10-20,2021-09-26,-24 day ahead inc hosp,quantile,0.9,75,COVID-19
DE,05-14,2021-10-20,2021-09-26,-24 day ahead inc hosp,quantile,0.9,56,COVID-19
DE,15-34,2021-10-20,2021-09-26,-24 day ahead inc hosp,quantile,0.9,399,COVID-19
DE,35-59,2021-10-20,2021-09-26,-24 day ahead inc hosp,quantile,0.9,820,COVID-19
DE,60-79,2021-10-20,2021-09-26,-24 day ahead inc hosp,quantile,0.9,648,COVID-19
DE,80+,2021-10-20,2021-09-26,-24 day ahead inc hosp,quantile,0.9,465,COVID-19
DE,00+,2021-10-20,2021-09-27,-23 day ahead inc hosp,quantile,0.9,2457,COVID-19
DE,00-04,2021-10-20,2021-09-27,-23 day ahead inc hosp,quantile,0.9,75,COVID-19
DE,05-14,2021-10-20,2021-09-27,-23 day ahead inc hosp,quantile,0.9,59,COVID-19
DE,15-34,2021-10-20,2021-09-27,-23 day ahead inc hosp,quantile,0.9,397,COVID-19
DE,35-59,2021-10-20,2021-09-27,-23 day ahead inc hosp,quantile,0.9,818,COVID-19
DE,60-79,2021-10-20,2021-09-27,-23 day ahead inc hosp,quantile,0.9,653,COVID-19
DE,80+,2021-10-20,2021-09-27,-23 day ahead inc hosp,quantile,0.9,470,COVID-19
DE,00+,2021-10-20,2021-09-28,-22 day ahead inc hosp,quantile,0.9,2487,COVID-19
DE,00-04,2021-10-20,2021-09-28,-22 day ahead inc hosp,quantile,0.9,72,COVID-19
DE,05-14,2021-10-20,2021-09-28,-22 day ahead inc hosp,quantile,0.9,60,COVID-19
DE,15-34,2021-10-20,2021-09-28,-22 day ahead inc hosp,quantile,0.9,394,COVID-19
DE,35-59,2021-10-20,2021-09-28,-22 day ahead inc hosp,quantile,0.9,827,COVID-19
DE,60-79,2021-10-20,2021-09-28,-22 day ahead inc hosp,quantile,0.9,651,COVID-19
DE,80+,2021-10-20,2021-09-28,-22 day ahead inc hosp,quantile,0.9,497,COVID-19
DE,00+,2021-10-20,2021-09-29,-21 day ahead inc hosp,quantile,0.9,2583,COVID-19
DE,00-04,2021-10-20,2021-09-29,-21 day ahead inc hosp,quantile,0.9,77,COVID-19
DE,05-14,2021-10-20,2021-09-29,-21 day ahead inc hosp,quantile,0.9,60,COVID-19
DE,15-34,2021-10-20,2021-09-29,-21 day ahead inc hosp,quantile,0.9,416,COVID-19
DE,35-59,2021-10-20,2021-09-29,-21 day ahead inc hosp,quantile,0.9,848,COVID-19
DE,60-79,2021-10-20,2021-09-29,-21 day ahead inc hosp,quantile,0.9,654,COVID-19
DE,80+,2021-10-20,2021-09-29,-21 day ahead inc hosp,quantile,0.9,540,COVID-19
DE,00+,2021-10-20,2021-09-30,-20 day ahead inc hosp,quantile,0.9,2630,COVID-19
DE,00-04,2021-10-20,2021-09-30,-20 day ahead inc hosp,quantile,0.9,77,COVID-19
DE,05-14,2021-10-20,2021-09-30,-20 day ahead inc hosp,quantile,0.9,59,COVID-19
DE,15-34,2021-10-20,2021-09-30,-20 day ahead inc hosp,quantile,0.9,418,COVID-19
DE,35-59,2021-10-20,2021-09-30,-20 day ahead inc hosp,quantile,0.9,873,COVID-19
DE,60-79,2021-10-20,2021-09-30,-20 day ahead inc hosp,quantile,0.9,642,COVID-19
DE,80+,2021-10-20,2021-09-30,-20 day ahead inc hosp,quantile,0.9,573,COVID-19
DE,00+,2021-10-20,2021-10-01,-19 day ahead inc hosp,quantile,0.9,2571,COVID-19
DE,00-04,2021-10-20,2021-10-01,-19 day ahead inc hosp,quantile,0.9,72,COVID-19
DE,05-14,2021-10-20,2021-10-01,-19 day ahead inc hosp,quantile,0.9,56,COVID-19
DE,15-34,2021-10-20,2021-10-01,-19 day ahead inc hosp,quantile,0.9,398,COVID-19
DE,35-59,2021-10-20,2021-10-01,-19 day ahead inc hosp,quantile,0.9,828,COVID-19
DE,60-79,2021-10-20,2021-10-01,-19 day ahead inc hosp,quantile,0.9,649,COVID-19
DE,80+,2021-10-20,2021-10-01,-19 day ahead inc hosp,quantile,0.9,580,COVID-19
DE,00+,2021-10-20,2021-10-02,-18 day ahead inc hosp,quantile,0.9,2566,COVID-19
DE,00-04,2021-10-20,2021-10-02,-18 day ahead inc hosp,quantile,0.9,70,COVID-19
DE,05-14,2021-10-20,2021-10-02,-18 day ahead inc hosp,quantile,0.9,61,COVID-19
DE,15-34,2021-10-20,2021-10-02,-18 day ahead inc hosp,quantile,0.9,384,COVID-19
DE,35-59,2021-10-20,2021-10-02,-18 day ahead inc hosp,quantile,0.9,822,COVID-19
DE,60-79,2021-10-20,2021-10-02,-18 day ahead inc hosp,quantile,0.9,644,COVID-19
DE,80+,2021-10-20,2021-10-02,-18 day ahead inc hosp,quantile,0.9,597,COVID-19
DE,00+,2021-10-20,2021-10-03,-17 day ahead inc hosp,quantile,0.9,2574,COVID-19
DE,00-04,2021-10-20,2021-10-03,-17 day ahead inc hosp,quantile,0.9,71,COVID-19
DE,05-14,2021-10-20,2021-10-03,-17 day ahead inc hosp,quantile,0.9,60,COVID-19
DE,15-34,2021-10-20,2021-10-03,-17 day ahead inc hosp,quantile,0.9,395,COVID-19
DE,35-59,2021-10-20,2021-10-03,-17 day ahead inc hosp,quantile,0.9,801.1,COVID-19
DE,60-79,2021-10-20,2021-10-03,-17 day ahead inc hosp,quantile,0.9,661,COVID-19
DE,80+,2021-10-20,2021-10-03,-17 day ahead inc hosp,quantile,0.9,594,COVID-19
DE,00+,2021-10-20,2021-10-04,-16 day ahead inc hosp,quantile,0.9,2568,COVID-19
DE,00-04,2021-10-20,2021-10-04,-16 day ahead inc hosp,quantile,0.9,71,COVID-19
DE,05-14,2021-10-20,2021-10-04,-16 day ahead inc hosp,quantile,0.9,59,COVID-19
DE,15-34,2021-10-20,2021-10-04,-16 day ahead inc hosp,quantile,0.9,396,COVID-19
DE,35-59,2021-10-20,2021-10-04,-16 day ahead inc hosp,quantile,0.9,805,COVID-19
DE,60-79,2021-10-20,2021-10-04,-16 day ahead inc hosp,quantile,0.9,658,COVID-19
DE,80+,2021-10-20,2021-10-04,-16 day ahead inc hosp,quantile,0.9,589,COVID-19
DE,00+,2021-10-20,2021-10-05,-15 day ahead inc hosp,quantile,0.9,2523,COVID-19
DE,00-04,2021-10-20,2021-10-05,-15 day ahead inc hosp,quantile,0.9,75,COVID-19
DE,05-14,2021-10-20,2021-10-05,-15 day ahead inc hosp,quantile,0.9,52,COVID-19
DE,15-34,2021-10-20,2021-10-05,-15 day ahead inc hosp,quantile,0.9,382,COVID-19
DE,35-59,2021-10-20,2021-10-05,-15 day ahead inc hosp,quantile,0.9,797,COVID-19
DE,60-79,2021-10-20,2021-10-05,-15 day ahead inc hosp,quantile,0.9,664,COVID-19
DE,80+,2021-10-20,2021-10-05,-15 day ahead inc hosp,quantile,0.9,571,COVID-19
DE,00+,2021-10-20,2021-10-06,-14 day ahead inc hosp,quantile,0.9,2423,COVID-19
DE,00-04,2021-10-20,2021-10-06,-14 day ahead inc hosp,quantile,0.9,65,COVID-19
DE,05-14,2021-10-20,2021-10-06,-14 day ahead inc hosp,quantile,0.9,50,COVID-19
DE,15-34,2021-10-20,2021-10-06,-14 day ahead inc hosp,quantile,0.9,334,COVID-19
DE,35-59,2021-10-20,2021-10-06,-14 day ahead inc hosp,quantile,0.9,762,COVID-19
DE,60-79,2021-10-20,2021-10-06,-14 day ahead inc hosp,quantile,0.9,668,COVID-19
DE,80+,2021-10-20,2021-10-06,-14 day ahead inc hosp,quantile,0.9,576,COVID-19
DE,00+,2021-10-20,2021-10-07,-13 day ahead inc hosp,quantile,0.9,2447,COVID-19
DE,00-04,2021-10-20,2021-10-07,-13 day ahead inc hosp,quantile,0.9,60,COVID-19
DE,05-14,2021-10-20,2021-10-07,-13 day ahead inc hosp,quantile,0.9,48,COVID-19
DE,15-34,2021-10-20,2021-10-07,-13 day ahead inc hosp,quantile,0.9,330,COVID-19
DE,35-59,2021-10-20,2021-10-07,-13 day ahead inc hosp,quantile,0.9,747,COVID-19
DE,60-79,2021-10-20,2021-10-07,-13 day ahead inc hosp,quantile,0.9,709,COVID-19
DE,80+,2021-10-20,2021-10-07,-13 day ahead inc hosp,quantile,0.9,596,COVID-19
DE,00+,2021-10-20,2021-10-08,-12 day ahead inc hosp,quantile,0.9,2539,COVID-19
DE,00-04,2021-10-20,2021-10-08,-12 day ahead inc hosp,quantile,0.9,55,COVID-19
DE,05-14,2021-10-20,2021-10-08,-12 day ahead inc hosp,quantile,0.9,49,COVID-19
DE,15-34,2021-10-20,2021-10-08,-12 day ahead inc hosp,quantile,0.9,323,COVID-19
DE,35-59,2021-10-20,2021-10-08,-12 day ahead inc hosp,quantile,0.9,767,COVID-19
DE,60-79,2021-10-20,2021-10-08,-12 day ahead inc hosp,quantile,0.9,761,COVID-19
DE,80+,2021-10-20,2021-10-08,-12 day ahead inc hosp,quantile,0.9,625,COVID-19
DE,00+,2021-10-20,2021-10-09,-11 day ahead inc hosp,quantile,0.9,2652,COVID-19
DE,00-04,2021-10-20,2021-10-09,-11 day ahead inc hosp,quantile,0.9,51,COVID-19
DE,05-14,2021-10-20,2021-10-09,-11 day ahead inc hosp,quantile,0.9,52,COVID-19
DE,15-34,2021-10-20,2021-10-09,-11 day ahead inc hosp,quantile,0.9,335,COVID-19
DE,35-59,2021-10-20,2021-10-09,-11 day ahead inc hosp,quantile,0.9,763.1,COVID-19
DE,60-79,2021-10-20,2021-10-09,-11 day ahead inc hosp,quantile,0.9,811,COVID-19
DE,80+,2021-10-20,2021-10-09,-11 day ahead inc hosp,quantile,0.9,635,COVID-19
DE,00+,2021-10-20,2021-10-10,-10 day ahead inc hosp,quantile,0.9,2687,COVID-19
DE,00-04,2021-10-20,2021-10-10,-10 day ahead inc hosp,quantile,0.9,55,COVID-19
DE,05-14,2021-10-20,2021-10-10,-10 day ahead inc hosp,quantile,0.9,52,COVID-19
DE,15-34,2021-10-20,2021-10-10,-10 day ahead inc hosp,quantile,0.9,328,COVID-19
DE,35-59,2021-10-20,2021-10-10,-10 day ahead inc hosp,quantile,0.9,792,COVID-19
DE,60-79,2021-10-20,2021-10-10,-10 day ahead inc hosp,quantile,0.9,814,COVID-19
DE,80+,2021-10-20,2021-10-10,-10 day ahead inc hosp,quantile,0.9,646,COVID-19
DE,00+,2021-10-20,2021-10-11,-9 day ahead inc hosp,quantile,0.9,2721,COVID-19
DE,00-04,2021-10-20,2021-10-11,-9 day ahead inc hosp,quantile,0.9,56,COVID-19
DE,05-14,2021-10-20,2021-10-11,-9 day ahead inc hosp,quantile,0.9,52,COVID-19
DE,15-34,2021-10-20,2021-10-11,-9 day ahead inc hosp,quantile,0.9,323.1,COVID-19
DE,35-59,2021-10-20,2021-10-11,-9 day ahead inc hosp,quantile,0.9,789,COVID-19
DE,60-79,2021-10-20,2021-10-11,-9 day ahead inc hosp,quantile,0.9,834,COVID-19
DE,80+,2021-10-20,2021-10-11,-9 day ahead inc hosp,quantile,0.9,671,COVID-19
DE,00+,2021-10-20,2021-10-12,-8 day ahead inc hosp,quantile,0.9,2811,COVID-19
DE,00-04,2021-10-20,2021-10-12,-8 day ahead inc hosp,quantile,0.9,53,COVID-19
DE,05-14,2021-10-20,2021-10-12,-8 day ahead inc hosp,quantile,0.9,57,COVID-19
DE,15-34,2021-10-20,2021-10-12,-8 day ahead inc hosp,quantile,0.9,348,COVID-19
DE,35-59,2021-10-20,2021-10-12,-8 day ahead inc hosp,quantile,0.9,796,COVID-19
DE,60-79,2021-10-20,2021-10-12,-8 day ahead inc hosp,quantile,0.9,845,COVID-19
DE,80+,2021-10-20,2021-10-12,-8 day ahead inc hosp,quantile,0.9,713,COVID-19
DE,00+,2021-10-20,2021-10-13,-7 day ahead inc hosp,quantile,0.9,2867,COVID-19
DE,00-04,2021-10-20,2021-10-13,-7 day ahead inc hosp,quantile,0.9,61,COVID-19
DE,05-14,2021-10-20,2021-10-13,-7 day ahead inc hosp,quantile,0.9,58,COVID-19
DE,15-34,2021-10-20,2021-10-13,-7 day ahead inc hosp,quantile,0.9,361,COVID-19
DE,35-59,2021-10-20,2021-10-13,-7 day ahead inc hosp,quantile,0.9,793.1,COVID-19
DE,60-79,2021-10-20,2021-10-13,-7 day ahead inc hosp,quantile,0.9,875,COVID-19
DE,80+,2021-10-20,2021-10-13,-7 day ahead inc hosp,quantile,0.9,709,COVID-19
DE,00+,2021-10-20,2021-10-14,-6 day ahead inc hosp,quantile,0.9,2853,COVID-19
DE,00-04,2021-10-20,2021-10-14,-6 day ahead inc hosp,quantile,0.9,60,COVID-19
DE,05-14,2021-10-20,2021-10-14,-6 day ahead inc hosp,quantile,0.9,57,COVID-19
DE,15-34,2021-10-20,2021-10-14,-6 day ahead inc hosp,quantile,0.9,372,COVID-19
DE,35-59,2021-10-20,2021-10-14,-6 day ahead inc hosp,quantile,0.9,789,COVID-19
DE,60-79,2021-10-20,2021-10-14,-6 day ahead inc hosp,quantile,0.9,864,COVID-19
DE,80+,2021-10-20,2021-10-14,-6 day ahead inc hosp,quantile,0.9,702,COVID-19
DE,00+,2021-10-20,2021-10-15,-5 day ahead inc hosp,quantile,0.9,2869,COVID-19
DE,00-04,2021-10-20,2021-10-15,-5 day ahead inc hosp,quantile,0.9,64,COVID-19
DE,05-14,2021-10-20,2021-10-15,-5 day ahead inc hosp,quantile,0.9,56,COVID-19
DE,15-34,2021-10-20,2021-10-15,-5 day ahead inc hosp,quantile,0.9,391,COVID-19
DE,35-59,2021-10-20,2021-10-15,-5 day ahead inc hosp,quantile,0.9,763,COVID-19
DE,60-79,2021-10-20,2021-10-15,-5 day ahead inc hosp,quantile,0.9,865,COVID-19
DE,80+,2021-10-20,2021-10-15,-5 day ahead inc hosp,quantile,0.9,692,COVID-19
DE,00+,2021-10-20,2021-10-16,-4 day ahead inc hosp,quantile,0.9,2846,COVID-19
DE,00-04,2021-10-20,2021-10-16,-4 day ahead inc hosp,quantile,0.9,58,COVID-19
DE,05-14,2021-10-20,2021-10-16,-4 day ahead inc hosp,quantile,0.9,55,COVID-19
DE,15-34,2021-10-20,2021-10-16,-4 day ahead inc hosp,quantile,0.9,370.1,COVID-19
DE,35-59,2021-10-20,2021-10-16,-4 day ahead inc hosp,quantile,0.9,718,COVID-19
DE,60-79,2021-10-20,2021-10-16,-4 day ahead inc hosp,quantile,0.9,830,COVID-19
DE,80+,2021-10-20,2021-10-16,-4 day ahead inc hosp,quantile,0.9,709,COVID-19
DE,00+,2021-10-20,2021-10-17,-3 day ahead inc hosp,quantile,0.9,2809,COVID-19
DE,00-04,2021-10-20,2021-10-17,-3 day ahead inc hosp,quantile,0.9,52,COVID-19
DE,05-14,2021-10-20,2021-10-17,-3 day ahead inc hosp,quantile,0.9,59,COVID-19
DE,15-34,2021-10-20,2021-10-17,-3 day ahead inc hosp,quantile,0.9,367.1,COVID-19
DE,35-59,2021-10-20,2021-10-17,-3 day ahead inc hosp,quantile,0.9,699,COVID-19
DE,60-79,2021-10-20,2021-10-17,-3 day ahead inc hosp,quantile,0.9,821,COVID-19
DE,80+,2021-10-20,2021-10-17,-3 day ahead inc hosp,quantile,0.9,715,COVID-19
DE,00+,2021-10-20,2021-10-18,-2 day ahead inc hosp,quantile,0.9,2835,COVID-19
DE,00-04,2021-10-20,2021-10-18,-2 day ahead inc hosp,quantile,0.9,54,COVID-19
DE,05-14,2021-10-20,2021-10-18,-2 day ahead inc hosp,quantile,0.9,57,COVID-19
DE,15-34,2021-10-20,2021-10-18,-2 day ahead inc hosp,quantile,0.9,373,COVID-19
DE,35-59,2021-10-20,2021-10-18,-2 day ahead inc hosp,quantile,0.9,714,COVID-19
DE,60-79,2021-10-20,2021-10-18,-2 day ahead inc hosp,quantile,0.9,832,COVID-19
DE,80+,2021-10-20,2021-10-18,-2 day ahead inc hosp,quantile,0.9,741,COVID-19
DE,00+,2021-10-20,2021-10-19,-1 day ahead inc hosp,quantile,0.9,2971.1,COVID-19
DE,00-04,2021-10-20,2021-10-19,-1 day ahead inc hosp,quantile,0.9,50,COVID-19
DE,05-14,2021-10-20,2021-10-19,-1 day ahead inc hosp,quantile,0.9,59,COVID-19
DE,15-34,2021-10-20,2021-10-19,-1 day ahead inc hosp,quantile,0.9,358,COVID-19
DE,35-59,2021-10-20,2021-10-19,-1 day ahead inc hosp,quantile,0.9,702,COVID-19
DE,60-79,2021-10-20,2021-10-19,-1 day ahead inc hosp,quantile,0.9,865,COVID-19
DE,80+,2021-10-20,2021-10-19,-1 day ahead inc hosp,quantile,0.9,778,COVID-19
DE,00+,2021-10-20,2021-10-20,0 day ahead inc hosp,quantile,0.9,2956,COVID-19
DE,00-04,2021-10-20,2021-10-20,0 day ahead inc hosp,quantile,0.9,47,COVID-19
DE,05-14,2021-10-20,2021-10-20,0 day ahead inc hosp,quantile,0.9,56,COVID-19
DE,15-34,2021-10-20,2021-10-20,0 day ahead inc hosp,quantile,0.9,364,COVID-19
DE,35-59,2021-10-20,2021-10-20,0 day ahead inc hosp,quantile,0.9,660,COVID-19
DE,60-79,2021-10-20,2021-10-20,0 day ahead inc hosp,quantile,0.9,826,COVID-19
DE,80+,2021-10-20,2021-10-20,0 day ahead inc hosp,quantile,0.9,800,COVID-19
DE,00+,2021-10-20,2021-09-22,-28 day ahead inc hosp,quantile,0.975,2550,COVID-19
DE,00-04,2021-10-20,2021-09-22,-28 day ahead inc hosp,quantile,0.975,71,COVID-19
DE,05-14,2021-10-20,2021-09-22,-28 day ahead inc hosp,quantile,0.975,59,COVID-19
DE,15-34,2021-10-20,2021-09-22,-28 day ahead inc hosp,quantile,0.975,420,COVID-19
DE,35-59,2021-10-20,2021-09-22,-28 day ahead inc hosp,quantile,0.975,869,COVID-19
DE,60-79,2021-10-20,2021-09-22,-28 day ahead inc hosp,quantile,0.975,681,COVID-19
DE,80+,2021-10-20,2021-09-22,-28 day ahead inc hosp,quantile,0.975,465,COVID-19
DE,00+,2021-10-20,2021-09-23,-27 day ahead inc hosp,quantile,0.975,2493,COVID-19
DE,00-04,2021-10-20,2021-09-23,-27 day ahead inc hosp,quantile,0.975,73,COVID-19
DE,05-14,2021-10-20,2021-09-23,-27 day ahead inc hosp,quantile,0.975,60,COVID-19
DE,15-34,2021-10-20,2021-09-23,-27 day ahead inc hosp,quantile,0.975,411,COVID-19
DE,35-59,2021-10-20,2021-09-23,-27 day ahead inc hosp,quantile,0.975,829,COVID-19
DE,60-79,2021-10-20,2021-09-23,-27 day ahead inc hosp,quantile,0.975,688,COVID-19
DE,80+,2021-10-20,2021-09-23,-27 day ahead inc hosp,quantile,0.975,449,COVID-19
DE,00+,2021-10-20,2021-09-24,-26 day ahead inc hosp,quantile,0.975,2502,COVID-19
DE,00-04,2021-10-20,2021-09-24,-26 day ahead inc hosp,quantile,0.975,76,COVID-19
DE,05-14,2021-10-20,2021-09-24,-26 day ahead inc hosp,quantile,0.975,63,COVID-19
DE,15-34,2021-10-20,2021-09-24,-26 day ahead inc hosp,quantile,0.975,418,COVID-19
DE,35-59,2021-10-20,2021-09-24,-26 day ahead inc hosp,quantile,0.975,836,COVID-19
DE,60-79,2021-10-20,2021-09-24,-26 day ahead inc hosp,quantile,0.975,664,COVID-19
DE,80+,2021-10-20,2021-09-24,-26 day ahead inc hosp,quantile,0.975,463,COVID-19
DE,00+,2021-10-20,2021-09-25,-25 day ahead inc hosp,quantile,0.975,2487,COVID-19
DE,00-04,2021-10-20,2021-09-25,-25 day ahead inc hosp,quantile,0.975,78,COVID-19
DE,05-14,2021-10-20,2021-09-25,-25 day ahead inc hosp,quantile,0.975,59,COVID-19
DE,15-34,2021-10-20,2021-09-25,-25 day ahead inc hosp,quantile,0.975,411,COVID-19
DE,35-59,2021-10-20,2021-09-25,-25 day ahead inc hosp,quantile,0.975,853,COVID-19
DE,60-79,2021-10-20,2021-09-25,-25 day ahead inc hosp,quantile,0.975,651,COVID-19
DE,80+,2021-10-20,2021-09-25,-25 day ahead inc hosp,quantile,0.975,453,COVID-19
DE,00+,2021-10-20,2021-09-26,-24 day ahead inc hosp,quantile,0.975,2461,COVID-19
DE,00-04,2021-10-20,2021-09-26,-24 day ahead inc hosp,quantile,0.975,77,COVID-19
DE,05-14,2021-10-20,2021-09-26,-24 day ahead inc hosp,quantile,0.975,57,COVID-19
DE,15-34,2021-10-20,2021-09-26,-24 day ahead inc hosp,quantile,0.975,402,COVID-19
DE,35-59,2021-10-20,2021-09-26,-24 day ahead inc hosp,quantile,0.975,823,COVID-19
DE,60-79,2021-10-20,2021-09-26,-24 day ahead inc hosp,quantile,0.975,651,COVID-19
DE,80+,2021-10-20,2021-09-26,-24 day ahead inc hosp,quantile,0.975,468,COVID-19
DE,00+,2021-10-20,2021-09-27,-23 day ahead inc hosp,quantile,0.975,2465,COVID-19
DE,00-04,2021-10-20,2021-09-27,-23 day ahead inc hosp,quantile,0.975,76,COVID-19
DE,05-14,2021-10-20,2021-09-27,-23 day ahead inc hosp,quantile,0.975,60,COVID-19
DE,15-34,2021-10-20,2021-09-27,-23 day ahead inc hosp,quantile,0.975,399,COVID-19
DE,35-59,2021-10-20,2021-09-27,-23 day ahead inc hosp,quantile,0.975,821,COVID-19
DE,60-79,2021-10-20,2021-09-27,-23 day ahead inc hosp,quantile,0.975,656,COVID-19
DE,80+,2021-10-20,2021-09-27,-23 day ahead inc hosp,quantile,0.975,473,COVID-19
DE,00+,2021-10-20,2021-09-28,-22 day ahead inc hosp,quantile,0.975,2495,COVID-19
DE,00-04,2021-10-20,2021-09-28,-22 day ahead inc hosp,quantile,0.975,73,COVID-19
DE,05-14,2021-10-20,2021-09-28,-22 day ahead inc hosp,quantile,0.975,62,COVID-19
DE,15-34,2021-10-20,2021-09-28,-22 day ahead inc hosp,quantile,0.975,397,COVID-19
DE,35-59,2021-10-20,2021-09-28,-22 day ahead inc hosp,quantile,0.975,832,COVID-19
DE,60-79,2021-10-20,2021-09-28,-22 day ahead inc hosp,quantile,0.975,655,COVID-19
DE,80+,2021-10-20,2021-09-28,-22 day ahead inc hosp,quantile,0.975,500,COVID-19
DE,00+,2021-10-20,2021-09-29,-21 day ahead inc hosp,quantile,0.975,2592,COVID-19
DE,00-04,2021-10-20,2021-09-29,-21 day ahead inc hosp,quantile,0.975,79,COVID-19
DE,05-14,2021-10-20,2021-09-29,-21 day ahead inc hosp,quantile,0.975,61,COVID-19
DE,15-34,2021-10-20,2021-09-29,-21 day ahead inc hosp,quantile,0.975,420,COVID-19
DE,35-59,2021-10-20,2021-09-29,-21 day ahead inc hosp,quantile,0.975,853,COVID-19
DE,60-79,2021-10-20,2021-09-29,-21 day ahead inc hosp,quantile,0.975,658,COVID-19
DE,80+,2021-10-20,2021-09-29,-21 day ahead inc hosp,quantile,0.975,544,COVID-19
DE,00+,2021-10-20,2021-09-30,-20 day ahead inc hosp,quantile,0.975,2640.025,COVID-19
DE,00-04,2021-10-20,2021-09-30,-20 day ahead inc hosp,quantile,0.975,79,COVID-19
DE,05-14,2021-10-20,2021-09-30,-20 day ahead inc hosp,quantile,0.975,61,COVID-19
DE,15-34,2021-10-20,2021-09-30,-20 day ahead inc hosp,quantile,0.975,421,COVID-19
DE,35-59,2021-10-20,2021-09-30,-20 day ahead inc hosp,quantile,0.975,878,COVID-19
DE,60-79,2021-10-20,2021-09-30,-20 day ahead inc hosp,quantile,0.975,647,COVID-19
DE,80+,2021-10-20,2021-09-30,-20 day ahead inc hosp,quantile,0.975,578,COVID-19
DE,00+,2021-10-20,2021-10-01,-19 day ahead inc hosp,quantile,0.975,2583,COVID-19
DE,00-04,2021-10-20,2021-10-01,-19 day ahead inc hosp,quantile,0.975,73,COVID-19
DE,05-14,2021-10-20,2021-10-01,-19 day ahead inc hosp,quantile,0.975,57,COVID-19
DE,15-34,2021-10-20,2021-10-01,-19 day ahead inc hosp,quantile,0.975,402.025,COVID-19
DE,35-59,2021-10-20,2021-10-01,-19 day ahead inc hosp,quantile,0.975,834,COVID-19
DE,60-79,2021-10-20,2021-10-01,-19 day ahead inc hosp,quantile,0.975,655,COVID-19
DE,80+,2021-10-20,2021-10-01,-19 day ahead inc hosp,quantile,0.975,584.025,COVID-19
DE,00+,2021-10-20,2021-10-02,-18 day ahead inc hosp,quantile,0.975,2579,COVID-19
DE,00-04,2021-10-20,2021-10-02,-18 day ahead inc hosp,quantile,0.975,72,COVID-19
DE,05-14,2021-10-20,2021-10-02,-18 day ahead inc hosp,quantile,0.975,62,COVID-19
DE,15-34,2021-10-20,2021-10-02,-18 day ahead inc hosp,quantile,0.975,389,COVID-19
DE,35-59,2021-10-20,2021-10-02,-18 day ahead inc hosp,quantile,0.975,829,COVID-19
DE,60-79,2021-10-20,2021-10-02,-18 day ahead inc hosp,quantile,0.975,649,COVID-19
DE,80+,2021-10-20,2021-10-02,-18 day ahead inc hosp,quantile,0.975,602,COVID-19
DE,00+,2021-10-20,2021-10-03,-17 day ahead inc hosp,quantile,0.975,2586,COVID-19
DE,00-04,2021-10-20,2021-10-03,-17 day ahead inc hosp,quantile,0.975,73,COVID-19
DE,05-14,2021-10-20,2021-10-03,-17 day ahead inc hosp,quantile,0.975,62,COVID-19
DE,15-34,2021-10-20,2021-10-03,-17 day ahead inc hosp,quantile,0.975,399,COVID-19
DE,35-59,2021-10-20,2021-10-03,-17 day ahead inc hosp,quantile,0.975,808,COVID-19
DE,60-79,2021-10-20,2021-10-03,-17 day ahead inc hosp,quantile,0.975,666,COVID-19
DE,80+,2021-10-20,2021-10-03,-17 day ahead inc hosp,quantile,0.975,599,COVID-19
DE,00+,2021-10-20,2021-10-04,-16 day ahead inc hosp,quantile,0.975,2581,COVID-19
DE,00-04,2021-10-20,2021-10-04,-16 day ahead inc hosp,quantile,0.975,73,COVID-19
DE,05-14,2021-10-20,2021-10-04,-16 day ahead inc hosp,quantile,0.975,60,COVID-19
DE,15-34,2021-10-20,2021-10-04,-16 day ahead inc hosp,quantile,0.975,400,COVID-19
DE,35-59,2021-10-20,2021-10-04,-16 day ahead inc hosp,quantile,0.975,812,COVID-19
DE,60-79,2021-10-20,2021-10-04,-16 day ahead inc hosp,quantile,0.975,664,COVID-19
DE,80+,2021-10-20,2021-10-04,-16 day ahead inc hosp,quantile,0.975,595,COVID-19
DE,00+,2021-10-20,2021-10-05,-15 day ahead inc hosp,quantile,0.975,2537,COVID-19
DE,00-04,2021-10-20,2021-10-05,-15 day ahead inc hosp,quantile,0.975,77,COVID-19
DE,05-14,2021-10-20,2021-10-05,-15 day ahead inc hosp,quantile,0.975,53,COVID-19
DE,15-34,2021-10-20,2021-10-05,-15 day ahead inc hosp,quantile,0.975,385,COVID-19
DE,35-59,2021-10-20,2021-10-05,-15 day ahead inc hosp,quantile,0.975,804,COVID-19
DE,60-79,2021-10-20,2021-10-05,-15 day ahead inc hosp,quantile,0.975,669,COVID-19
DE,80+,2021-10-20,2021-10-05,-15 day ahead inc hosp,quantile,0.975,576.025,COVID-19
DE,00+,2021-10-20,2021-10-06,-14 day ahead inc hosp,quantile,0.975,2438,COVID-19
DE,00-04,2021-10-20,2021-10-06,-14 day ahead inc hosp,quantile,0.975,67,COVID-19
DE,05-14,2021-10-20,2021-10-06,-14 day ahead inc hosp,quantile,0.975,52,COVID-19
DE,15-34,2021-10-20,2021-10-06,-14 day ahead inc hosp,quantile,0.975,340,COVID-19
DE,35-59,2021-10-20,2021-10-06,-14 day ahead inc hosp,quantile,0.975,771,COVID-19
DE,60-79,2021-10-20,2021-10-06,-14 day ahead inc hosp,quantile,0.975,676,COVID-19
DE,80+,2021-10-20,2021-10-06,-14 day ahead inc hosp,quantile,0.975,582,COVID-19
DE,00+,2021-10-20,2021-10-07,-13 day ahead inc hosp,quantile,0.975,2467.025,COVID-19
DE,00-04,2021-10-20,2021-10-07,-13 day ahead inc hosp,quantile,0.975,62,COVID-19
DE,05-14,2021-10-20,2021-10-07,-13 day ahead inc hosp,quantile,0.975,50,COVID-19
DE,15-34,2021-10-20,2021-10-07,-13 day ahead inc hosp,quantile,0.975,335,COVID-19
DE,35-59,2021-10-20,2021-10-07,-13 day ahead inc hosp,quantile,0.975,757,COVID-19
DE,60-79,2021-10-20,2021-10-07,-13 day ahead inc hosp,quantile,0.975,717,COVID-19
DE,80+,2021-10-20,2021-10-07,-13 day ahead inc hosp,quantile,0.975,603,COVID-19
DE,00+,2021-10-20,2021-10-08,-12 day ahead inc hosp,quantile,0.975,2562,COVID-19
DE,00-04,2021-10-20,2021-10-08,-12 day ahead inc hosp,quantile,0.975,57,COVID-19
DE,05-14,2021-10-20,2021-10-08,-12 day ahead inc hosp,quantile,0.975,51,COVID-19
DE,15-34,2021-10-20,2021-10-08,-12 day ahead inc hosp,quantile,0.975,328,COVID-19
DE,35-59,2021-10-20,2021-10-08,-12 day ahead inc hosp,quantile,0.975,778,COVID-19
DE,60-79,2021-10-20,2021-10-08,-12 day ahead inc hosp,quantile,0.975,771,COVID-19
DE,80+,2021-10-20,2021-10-08,-12 day ahead inc hosp,quantile,0.975,635,COVID-19
DE,00+,2021-10-20,2021-10-09,-11 day ahead inc hosp,quantile,0.975,2687,COVID-19
DE,00-04,2021-10-20,2021-10-09,-11 day ahead inc hosp,quantile,0.975,53,COVID-19
DE,05-14,2021-10-20,2021-10-09,-11 day ahead inc hosp,quantile,0.975,54,COVID-19
DE,15-34,2021-10-20,2021-10-09,-11 day ahead inc hosp,quantile,0.975,341,COVID-19
DE,35-59,2021-10-20,2021-10-09,-11 day ahead inc hosp,quantile,0.975,775,COVID-19
DE,60-79,2021-10-20,2021-10-09,-11 day ahead inc hosp,quantile,0.975,822,COVID-19
DE,80+,2021-10-20,2021-10-09,-11 day ahead inc hosp,quantile,0.975,644,COVID-19
DE,00+,2021-10-20,2021-10-10,-10 day ahead inc hosp,quantile,0.975,2718,COVID-19
DE,00-04,2021-10-20,2021-10-10,-10 day ahead inc hosp,quantile,0.975,58,COVID-19
DE,05-14,2021-10-20,2021-10-10,-10 day ahead inc hosp,quantile,0.975,54,COVID-19
DE,15-34,2021-10-20,2021-10-10,-10 day ahead inc hosp,quantile,0.975,334,COVID-19
DE,35-59,2021-10-20,2021-10-10,-10 day ahead inc hosp,quantile,0.975,804.025,COVID-19
DE,60-79,2021-10-20,2021-10-10,-10 day ahead inc hosp,quantile,0.975,825.025,COVID-19
DE,80+,2021-10-20,2021-10-10,-10 day ahead inc hosp,quantile,0.975,656,COVID-19
DE,00+,2021-10-20,2021-10-11,-9 day ahead inc hosp,quantile,0.975,2752,COVID-19
DE,00-04,2021-10-20,2021-10-11,-9 day ahead inc hosp,quantile,0.975,59,COVID-19
DE,05-14,2021-10-20,2021-10-11,-9 day ahead inc hosp,quantile,0.975,54,COVID-19
DE,15-34,2021-10-20,2021-10-11,-9 day ahead inc hosp,quantile,0.975,330,COVID-19
DE,35-59,2021-10-20,2021-10-11,-9 day ahead inc hosp,quantile,0.975,801,COVID-19
DE,60-79,2021-10-20,2021-10-11,-9 day ahead inc hosp,quantile,0.975,846,COVID-19
DE,80+,2021-10-20,2021-10-11,-9 day ahead inc hosp,quantile,0.975,682,COVID-19
DE,00+,2021-10-20,2021-10-12,-8 day ahead inc hosp,quantile,0.975,2842.025,COVID-19
DE,00-04,2021-10-20,2021-10-12,-8 day ahead inc hosp,quantile,0.975,56,COVID-19
DE,05-14,2021-10-20,2021-10-12,-8 day ahead inc hosp,quantile,0.975,59,COVID-19
DE,15-34,2021-10-20,2021-10-12,-8 day ahead inc hosp,quantile,0.975,355,COVID-19
DE,35-59,2021-10-20,2021-10-12,-8 day ahead inc hosp,quantile,0.975,809,COVID-19
DE,60-79,2021-10-20,2021-10-12,-8 day ahead inc hosp,quantile,0.975,857,COVID-19
DE,80+,2021-10-20,2021-10-12,-8 day ahead inc hosp,quantile,0.975,724,COVID-19
DE,00+,2021-10-20,2021-10-13,-7 day ahead inc hosp,quantile,0.975,2903,COVID-19
DE,00-04,2021-10-20,2021-10-13,-7 day ahead inc hosp,quantile,0.975,64,COVID-19
DE,05-14,2021-10-20,2021-10-13,-7 day ahead inc hosp,quantile,0.975,60,COVID-19
DE,15-34,2021-10-20,2021-10-13,-7 day ahead inc hosp,quantile,0.975,367,COVID-19
DE,35-59,2021-10-20,2021-10-13,-7 day ahead inc hosp,quantile,0.975,809,COVID-19
DE,60-79,2021-10-20,2021-10-13,-7 day ahead inc hosp,quantile,0.975,888,COVID-19
DE,80+,2021-10-20,2021-10-13,-7 day ahead inc hosp,quantile,0.975,722.025,COVID-19
DE,00+,2021-10-20,2021-10-14,-6 day ahead inc hosp,quantile,0.975,2900.05,COVID-19
DE,00-04,2021-10-20,2021-10-14,-6 day ahead inc hosp,quantile,0.975,63,COVID-19
DE,05-14,2021-10-20,2021-10-14,-6 day ahead inc hosp,quantile,0.975,60,COVID-19
DE,15-34,2021-10-20,2021-10-14,-6 day ahead inc hosp,quantile,0.975,380,COVID-19
DE,35-59,2021-10-20,2021-10-14,-6 day ahead inc hosp,quantile,0.975,804,COVID-19
DE,60-79,2021-10-20,2021-10-14,-6 day ahead inc hosp,quantile,0.975,879.025,COVID-19
DE,80+,2021-10-20,2021-10-14,-6 day ahead inc hosp,quantile,0.975,715,COVID-19
DE,00+,2021-10-20,2021-10-15,-5 day ahead inc hosp,quantile,0.975,2922,COVID-19
DE,00-04,2021-10-20,2021-10-15,-5 day ahead inc hosp,quantile,0.975,66,COVID-19
DE,05-14,2021-10-20,2021-10-15,-5 day ahead inc hosp,quantile,0.975,59,COVID-19
DE,15-34,2021-10-20,2021-10-15,-5 day ahead inc hosp,quantile,0.975,401,COVID-19
DE,35-59,2021-10-20,2021-10-15,-5 day ahead inc hosp,quantile,0.975,778,COVID-19
DE,60-79,2021-10-20,2021-10-15,-5 day ahead inc hosp,quantile,0.975,883,COVID-19
DE,80+,2021-10-20,2021-10-15,-5 day ahead inc hosp,quantile,0.975,707,COVID-19
DE,00+,2021-10-20,2021-10-16,-4 day ahead inc hosp,quantile,0.975,2914.05,COVID-19
DE,00-04,2021-10-20,2021-10-16,-4 day ahead inc hosp,quantile,0.975,61,COVID-19
DE,05-14,2021-10-20,2021-10-16,-4 day ahead inc hosp,quantile,0.975,58,COVID-19
DE,15-34,2021-10-20,2021-10-16,-4 day ahead inc hosp,quantile,0.975,380,COVID-19
DE,35-59,2021-10-20,2021-10-16,-4 day ahead inc hosp,quantile,0.975,733,COVID-19
DE,60-79,2021-10-20,2021-10-16,-4 day ahead inc hosp,quantile,0.975,848,COVID-19
DE,80+,2021-10-20,2021-10-16,-4 day ahead inc hosp,quantile,0.975,724,COVID-19
DE,00+,2021-10-20,2021-10-17,-3 day ahead inc hosp,quantile,0.975,2864.05,COVID-19
DE,00-04,2021-10-20,2021-10-17,-3 day ahead inc hosp,quantile,0.975,55,COVID-19
DE,05-14,2021-10-20,2021-10-17,-3 day ahead inc hosp,quantile,0.975,62,COVID-19
DE,15-34,2021-10-20,2021-10-17,-3 day ahead inc hosp,quantile,0.975,378,COVID-19
DE,35-59,2021-10-20,2021-10-17,-3 day ahead inc hosp,quantile,0.975,718,COVID-19
DE,60-79,2021-10-20,2021-10-17,-3 day ahead inc hosp,quantile,0.975,841,COVID-19
DE,80+,2021-10-20,2021-10-17,-3 day ahead inc hosp,quantile,0.975,732.025,COVID-19
DE,00+,2021-10-20,2021-10-18,-2 day ahead inc hosp,quantile,0.975,2896,COVID-19
DE,00-04,2021-10-20,2021-10-18,-2 day ahead inc hosp,quantile,0.975,57,COVID-19
DE,05-14,2021-10-20,2021-10-18,-2 day ahead inc hosp,quantile,0.975,61,COVID-19
DE,15-34,2021-10-20,2021-10-18,-2 day ahead inc hosp,quantile,0.975,384,COVID-19
DE,35-59,2021-10-20,2021-10-18,-2 day ahead inc hosp,quantile,0.975,738,COVID-19
DE,60-79,2021-10-20,2021-10-18,-2 day ahead inc hosp,quantile,0.975,855,COVID-19
DE,80+,2021-10-20,2021-10-18,-2 day ahead inc hosp,quantile,0.975,765.025,COVID-19
DE,00+,2021-10-20,2021-10-19,-1 day ahead inc hosp,quantile,0.975,3051.025,COVID-19
DE,00-04,2021-10-20,2021-10-19,-1 day ahead inc hosp,quantile,0.975,53.0249999999999,COVID-19
DE,05-14,2021-10-20,2021-10-19,-1 day ahead inc hosp,quantile,0.975,62,COVID-19
DE,15-34,2021-10-20,2021-10-19,-1 day ahead inc hosp,quantile,0.975,372,COVID-19
DE,35-59,2021-10-20,2021-10-19,-1 day ahead inc hosp,quantile,0.975,730.05,COVID-19
DE,60-79,2021-10-20,2021-10-19,-1 day ahead inc hosp,quantile,0.975,897,COVID-19
DE,80+,2021-10-20,2021-10-19,-1 day ahead inc hosp,quantile,0.975,812,COVID-19
DE,00+,2021-10-20,2021-10-20,0 day ahead inc hosp,quantile,0.975,3100.125,COVID-19
DE,00-04,2021-10-20,2021-10-20,0 day ahead inc hosp,quantile,0.975,51,COVID-19
DE,05-14,2021-10-20,2021-10-20,0 day ahead inc hosp,quantile,0.975,60,COVID-19
DE,15-34,2021-10-20,2021-10-20,0 day ahead inc hosp,quantile,0.975,384,COVID-19
DE,35-59,2021-10-20,2021-10-20,0 day ahead inc hosp,quantile,0.975,701,COVID-19
DE,60-79,2021-10-20,2021-10-20,0 day ahead inc hosp,quantile,0.975,884,COVID-19
DE,80+,2021-10-20,2021-10-20,0 day ahead inc hosp,quantile,0.975,854,COVID-19
